Umbral,Average_Precision,AUC_ROC,F1,Precision,Recall,Balanced_Accuracy,Brier,TN,FP,FN,TP
0.05,0.26471725698213616,0.7002153587720172,0.2724081150775158,0.15769216934642638,0.9995440036479708,0.5284279691893272,0.21807197426468858,4271,70251,6,13152
0.055,0.26471725698213616,0.7002153587720172,0.27264434539234994,0.15785241021701554,0.9994680042559659,0.5289938180212762,0.21807197426468858,4361,70161,7,13151
0.06,0.26471725698213616,0.7002153587720172,0.2727970461334218,0.15795479113118258,0.9994680042559659,0.5293561271380471,0.21807197426468858,4415,70107,7,13151
0.065,0.26471725698213616,0.7002153587720172,0.27287535925130474,0.1580092041863427,0.9993920048639611,0.5295462479970485,0.21807197426468858,4449,70073,8,13150
0.07,0.26471725698213616,0.7002153587720172,0.27304817275747506,0.15812510521632475,0.9993920048639611,0.5299555231104379,0.21807197426468858,4510,70012,8,13150
0.075,0.26471725698213616,0.7002153587720172,0.2732004280119262,0.15822914285026654,0.9993160054719562,0.5303200890997365,0.21807197426468858,4570,69952,9,13149
0.08,0.26471725698213616,0.7002153587720172,0.27331968363179066,0.15830915373409263,0.9993160054719562,0.5306018850794472,0.21807197426468858,4612,69910,9,13149
0.08499999999999999,0.26471725698213616,0.7002153587720172,0.27336140132023495,0.15833905367486784,0.9992400060799513,0.5307047833733001,0.21807197426468858,4633,69889,10,13148
0.09,0.26471725698213616,0.7002153587720172,0.27353201227440577,0.15845354736854791,0.9992400060799513,0.531107349058601,0.21807197426468858,4693,69829,10,13148
0.095,0.26471725698213616,0.7002153587720172,0.27369429005599616,0.15856246985045827,0.9992400060799513,0.531489786459637,0.21807197426468858,4750,69772,10,13148
0.09999999999999999,0.26471725698213616,0.7002153587720172,0.2738938421798183,0.15869643934821967,0.9992400060799513,0.5319594464258215,0.21807197426468858,4820,69702,10,13148
0.105,0.26471725698213616,0.7002153587720172,0.2740785523682455,0.15882239242310758,0.9991640066879465,0.5323978161240919,0.21807197426468858,4891,69631,11,13147
0.10999999999999999,0.26471725698213616,0.7002153587720172,0.2742807068789251,0.15896009673518743,0.9990880072959416,0.5328764423908924,0.21807197426468858,4968,69554,12,13146
0.11499999999999999,0.26471725698213616,0.7002153587720172,0.27444962891053143,0.1590735833303082,0.9990880072959416,0.533272298648105,0.21807197426468858,5027,69495,12,13146
0.12,0.26471725698213616,0.7002153587720172,0.2745642707212899,0.1591506156099805,0.9990880072959416,0.533540675771639,0.21807197426468858,5067,69455,12,13146
0.12499999999999999,0.26471725698213616,0.7002153587720172,0.2747786824419662,0.1592966468328506,0.9990120079039367,0.5340461397507928,0.21807197426468858,5148,69374,13,13145
0.13,0.26471725698213616,0.7002153587720172,0.27497620317779103,0.1594313647004597,0.9989360085119319,0.5345113471614167,0.21807197426468858,5223,69299,14,13144
0.135,0.26471725698213616,0.7002153587720172,0.2752439586212673,0.15961141469338191,0.9989360085119319,0.5351353239736332,0.21807197426468858,5316,69206,14,13144
0.13999999999999999,0.26471725698213616,0.7002153587720172,0.27541334003897655,0.1597272859851247,0.998860009119927,0.5355334371033735,0.21807197426468858,5381,69141,15,13143
0.145,0.26471725698213616,0.7002153587720172,0.27557205478302815,0.15984184914841848,0.9985560115519075,0.5359181925664318,0.21807197426468858,5461,69061,19,13139
0.14999999999999997,0.26471725698213616,0.7002153587720172,0.27581137979189196,0.16001267041093553,0.9981760145918832,0.5364930688884915,0.21807197426468858,5575,68947,24,13134
0.15499999999999997,0.26471725698213616,0.7002153587720172,0.2760114391454285,0.1601630182785465,0.9975680194558444,0.5369874932629857,0.21807197426468858,5694,68828,32,13126
0.15999999999999998,0.26471725698213616,0.7002153587720172,0.276310802274163,0.1603725159492557,0.9972640218878249,0.5376943012742847,0.21807197426468858,5822,68700,36,13122
0.16499999999999998,0.26471725698213616,0.7002153587720172,0.27655357105202116,0.16054989716971893,0.9967320261437909,0.5382804007694881,0.21807197426468858,5949,68573,43,13115
0.16999999999999998,0.26471725698213616,0.7002153587720172,0.2768678388510481,0.16077363650857893,0.9962760297917617,0.5390252696662842,0.21807197426468858,6094,68428,49,13109
0.175,0.26471725698213616,0.7002153587720172,0.27724762489155963,0.16104173836094587,0.9958200334397325,0.539917745981024,0.21807197426468858,6261,68261,55,13103
0.18,0.26471725698213616,0.7002153587720172,0.2776329454653356,0.16130978769518742,0.995516035871713,0.5408124179787969,0.21807197426468858,6417,68105,59,13099
0.185,0.26471725698213616,0.7002153587720172,0.2781105305636974,0.16164234748043355,0.9951360389116887,0.5419173391198362,0.21807197426468858,6610,67912,64,13094
0.19,0.26471725698213616,0.7002153587720172,0.27857667457876084,0.16197348714584545,0.9945280437756497,0.5430021931661051,0.21807197426468858,6817,67705,72,13086
0.195,0.26471725698213616,0.7002153587720172,0.27913727415344225,0.16236886212676144,0.9939200486396109,0.544295039483113,0.21807197426468858,7055,67467,80,13078
0.19999999999999996,0.26471725698213616,0.7002153587720172,0.27962972871742736,0.16272871075018372,0.9929320565435477,0.545444853316727,0.21807197426468858,7300,67222,93,13065
0.20499999999999996,0.26471725698213616,0.7002153587720172,0.2802257946813762,0.16315105468359492,0.9922480620155039,0.546807050787146,0.21807197426468858,7554,66968,102,13056
0.20999999999999996,0.26471725698213616,0.7002153587720172,0.28077386588620123,0.16354132718293263,0.9915640674874601,0.5480551879800629,0.21807197426468858,7791,66731,111,13047
0.21499999999999997,0.26471725698213616,0.7002153587720172,0.28134781013232024,0.16395793499043976,0.9905760753913969,0.5493660280877974,0.21807197426468858,8060,66462,124,13034
0.21999999999999997,0.26471725698213616,0.7002153587720172,0.2820540587368968,0.1644608895511833,0.9897400820793434,0.5509541504301873,0.21807197426468858,8359,66163,135,13023
0.22499999999999998,0.26471725698213616,0.7002153587720172,0.2826552462526767,0.16491419439124314,0.9881440948472412,0.5523300115147615,0.21807197426468858,8683,65839,156,13002
0.22999999999999998,0.26471725698213616,0.7002153587720172,0.28325496656229887,0.1653652633590217,0.986624107007144,0.5536901968706314,0.21807197426468858,8999,65523,176,12982
0.235,0.26471725698213616,0.7002153587720172,0.28405917717013984,0.16593953506224332,0.9857121143030856,0.5554617306439343,0.21807197426468858,9331,65191,188,12970
0.24,0.26471725698213616,0.7002153587720172,0.2845828062262802,0.1663729790216986,0.9830521355829154,0.5566746145293338,0.21807197426468858,9710,64812,223,12935
0.245,0.26471725698213616,0.7002153587720172,0.2854521741052678,0.1670158828702985,0.9813801489588083,0.5585827773054153,0.21807197426468858,10119,64403,245,12913
0.24999999999999994,0.26471725698213616,0.7002153587720172,0.28648240312833273,0.1677639282833277,0.9799361605107159,0.5608062220121546,0.21807197426468858,10558,63964,264,12894
0.25499999999999995,0.26471725698213616,0.7002153587720172,0.2874204710347137,0.16845038727234665,0.9784921720626235,0.5628149650200668,0.21807197426468858,10965,63557,283,12875
0.25999999999999995,0.26471725698213616,0.7002153587720172,0.2883072884531248,0.16911677612097442,0.9765921872625019,0.5647097701294662,0.21807197426468858,11389,63133,308,12850
0.26499999999999996,0.26471725698213616,0.7002153587720172,0.2891859874767304,0.16980007154497395,0.9740082079343365,0.5665846305230846,0.21807197426468858,11861,62661,342,12816
0.26999999999999996,0.26471725698213616,0.7002153587720172,0.2899694876419278,0.17041984987267175,0.9714242286061712,0.5682447892178758,0.21807197426468858,12301,62221,376,12782
0.27499999999999997,0.26471725698213616,0.7002153587720172,0.29080579101685056,0.17108530773877442,0.9686122511019912,0.5699989410953986,0.21807197426468858,12772,61750,413,12745
0.27999999999999997,0.26471725698213616,0.7002153587720172,0.2919527034783607,0.17194937256598875,0.9664082687338501,0.5723455959487398,0.21807197426468858,13286,61236,442,12716
0.285,0.26471725698213616,0.7002153587720172,0.2932735633246297,0.1729249550384217,0.9645842833257334,0.5750030189876836,0.21807197426468858,13818,60704,466,12692
0.29,0.26471725698213616,0.7002153587720172,0.2940902637152899,0.17363401495162709,0.9602523179814562,0.5766681197539927,0.21807197426468858,14389,60133,523,12635
0.295,0.26471725698213616,0.7002153587720172,0.29528251037004055,0.17455391776570986,0.957592339261286,0.5790216064144116,0.21807197426468858,14938,59584,558,12600
0.3,0.26471725698213616,0.7002153587720172,0.29642043644002786,0.1754572254900591,0.9544003647970816,0.5812432837645803,0.21807197426468858,15507,59015,600,12558
0.30499999999999994,0.26471725698213616,0.7002153587720172,0.29744223931888175,0.17630640409365794,0.9505243958048336,0.5832168958439643,0.21807197426468858,16090,58432,651,12507
0.30999999999999994,0.26471725698213616,0.7002153587720172,0.29860437256663674,0.17724021218197591,0.9471804225566195,0.5854229586549233,0.21807197426468858,16668,57854,695,12463
0.31499999999999995,0.26471725698213616,0.7002153587720172,0.29997463369852756,0.17833086788550748,0.9436844505243958,0.587982425471532,0.21807197426468858,17310,57212,741,12417
0.31999999999999995,0.26471725698213616,0.7002153587720172,0.3014312686521713,0.17948271610310865,0.9403404772761818,0.5906581482486757,0.21807197426468858,17958,56564,785,12373
0.32499999999999996,0.26471725698213616,0.7002153587720172,0.3025294695481336,0.1804135789812835,0.9362365101079191,0.5926385309456426,0.21807197426468858,18559,55963,839,12319
0.32999999999999996,0.26471725698213616,0.7002153587720172,0.3038886756713258,0.18151297788952156,0.9327405380756953,0.5950570997723958,0.21807197426468858,19180,55342,885,12273
0.33499999999999996,0.26471725698213616,0.7002153587720172,0.30529182490505696,0.18267304529825085,0.9286365709074328,0.5975071424355473,0.21807197426468858,19851,54671,939,12219
0.33999999999999997,0.26471725698213616,0.7002153587720172,0.3068797741195452,0.18394886363636365,0.925140598875209,0.600241054382453,0.21807197426468858,20519,54003,985,12173
0.3449999999999999,0.26471725698213616,0.7002153587720172,0.30830693283458654,0.1851495285685906,0.9208086335309318,0.6026374828103922,0.21807197426468858,21199,53323,1042,12116
0.3499999999999999,0.26471725698213616,0.7002153587720172,0.3099231935061265,0.1864760432766615,0.9169326645386837,0.6053155848390528,0.21807197426468858,21887,52635,1093,12065
0.3549999999999999,0.26471725698213616,0.7002153587720172,0.3117149382331569,0.1879479235126592,0.912828697370421,0.6082285780403003,0.21807197426468858,22627,51895,1147,12011
0.35999999999999993,0.26471725698213616,0.7002153587720172,0.31325206449075893,0.18927010074130393,0.9081167350661195,0.6106497096870545,0.21807197426468858,23339,51183,1209,11949
0.36499999999999994,0.26471725698213616,0.7002153587720172,0.3149433202669774,0.19070147865413606,0.9037087703298373,0.6132765155425253,0.21807197426468858,24059,50463,1267,11891
0.36999999999999994,0.26471725698213616,0.7002153587720172,0.3166028336502665,0.19216138890695103,0.8983888128894969,0.6157693775942077,0.21807197426468858,24827,49695,1337,11821
0.37499999999999994,0.26471725698213616,0.7002153587720172,0.31804082517236243,0.1935090408610658,0.892232862137103,0.6178308241336866,0.21807197426468858,25593,48929,1418,11740
0.37999999999999995,0.26471725698213616,0.7002153587720172,0.3198564658832553,0.1950848703555199,0.8874449004407965,0.6204689143517956,0.21807197426468858,26343,48179,1481,11677
0.38499999999999995,0.26471725698213616,0.7002153587720172,0.3214117516691138,0.19652415475303206,0.8817449460404316,0.6226174610774338,0.21807197426468858,27088,47434,1556,11602
0.38999999999999996,0.26471725698213616,0.7002153587720172,0.3229601411725162,0.19796030492411235,0.8762729898160815,0.6247122711888706,0.21807197426468858,27808,46714,1628,11530
0.39499999999999996,0.26471725698213616,0.7002153587720172,0.3246852670976523,0.19957126424762103,0.8702690378476973,0.6269906151102097,0.21807197426468858,28595,45927,1707,11451
0.3999999999999999,0.26471725698213616,0.7002153587720172,0.3261574672062918,0.20104387827317763,0.8635810913512691,0.628812901490025,0.21807197426468858,29365,45157,1795,11363
0.4049999999999999,0.26471725698213616,0.7002153587720172,0.32793463406123696,0.20275420681720122,0.8571211430308557,0.6310242735094699,0.21807197426468858,30176,44346,1880,11278
0.4099999999999999,0.26471725698213616,0.7002153587720172,0.3296317597958973,0.20449763041847357,0.8493692050463596,0.6329922163821744,0.21807197426468858,31047,43475,1982,11176
0.4149999999999999,0.26471725698213616,0.7002153587720172,0.3309530923214819,0.20596110222751107,0.8418452652378781,0.634396506105963,0.21807197426468858,31817,42705,2081,11077
0.41999999999999993,0.26471725698213616,0.7002153587720172,0.3329443678300271,0.20793503568115998,0.8348533211734306,0.6366773516578084,0.21807197426468858,32678,41844,2173,10985
0.42499999999999993,0.26471725698213616,0.7002153587720172,0.3339481693258323,0.20930635838150288,0.8255813953488372,0.6374558972128099,0.21807197426468858,33485,41037,2295,10863
0.42999999999999994,0.26471725698213616,0.7002153587720172,0.33504833177424387,0.21076066062531873,0.8166134670922632,0.6383394755552028,0.21807197426468858,34285,40237,2413,10745
0.43499999999999994,0.26471725698213616,0.7002153587720172,0.3365979463000174,0.21254870616445198,0.8084055327557379,0.639797624272182,0.21807197426468858,35114,39408,2521,10637
0.43999999999999995,0.26471725698213616,0.7002153587720172,0.338215455771825,0.21441661576053758,0.8002735978112175,0.6412870632570755,0.21807197426468858,35942,38580,2628,10530
0.44499999999999995,0.26471725698213616,0.7002153587720172,0.33959372656428316,0.21616853466168534,0.7915336677306581,0.6423852821088007,0.21807197426468858,36757,37765,2743,10415
0.4499999999999999,0.26471725698213616,0.7002153587720172,0.34126221633261555,0.21818605439295094,0.7828697370421036,0.6437831683519741,0.21807197426468858,37611,36911,2857,10301
0.4549999999999999,0.26471725698213616,0.7002153587720172,0.34283982625677634,0.22019896193771626,0.7738258093935249,0.6449843466870472,0.21807197426468858,38464,36058,2976,10182
0.4599999999999999,0.26471725698213616,0.7002153587720172,0.3443161968695414,0.22223450349279336,0.7640218878248974,0.6459531354800395,0.21807197426468858,39339,35183,3105,10053
0.4649999999999999,0.26471725698213616,0.7002153587720172,0.3456562565208319,0.22410372040586246,0.7553579571363429,0.6468008486199682,0.21807197426468858,40111,34411,3219,9939
0.4699999999999999,0.26471725698213616,0.7002153587720172,0.3474151814947879,0.22643903564424964,0.7459340325277398,0.6479998924615028,0.21807197426468858,40992,33530,3343,9815
0.4749999999999999,0.26471725698213616,0.7002153587720172,0.3495219058937929,0.22902654867256636,0.7375740994072048,0.649590034057216,0.21807197426468858,41852,32670,3453,9705
0.4799999999999999,0.26471725698213616,0.7002153587720172,0.3506774075430245,0.23098258646471467,0.7278461772305822,0.6499929740182593,0.21807197426468858,42637,31885,3581,9577
0.48499999999999993,0.26471725698213616,0.7002153587720172,0.35163975641097267,0.2328868497002886,0.7175102599179206,0.6501053352674597,0.21807197426468858,43424,31098,3717,9441
0.48999999999999994,0.26471725698213616,0.7002153587720172,0.35243009447205675,0.23483163110526847,0.7059583523331814,0.6499049162165088,0.21807197426468858,44255,30267,3869,9289
0.49499999999999994,0.26471725698213616,0.7002153587720172,0.35368518769218865,0.23720459674699731,0.6949384404924761,0.6501784873083136,0.21807197426468858,45117,29405,4014,9144
0.49999999999999994,0.26471725698213616,0.7002153587720172,0.35457915910704424,0.23941411451398137,0.683234534123727,0.6499960008585947,0.21807197426468858,45962,28560,4168,8990
0.5049999999999999,0.26471725698213616,0.7002153587720172,0.355217330031608,0.24161257634267247,0.6704666362669098,0.649442544938962,0.21807197426468858,46831,27691,4336,8822
0.5099999999999999,0.26471725698213616,0.7002153587720172,0.3563079072251782,0.24415101776513978,0.6590667274661802,0.6494053478451645,0.21807197426468858,47675,26847,4486,8672
0.5149999999999999,0.26471725698213616,0.7002153587720172,0.3562184045476475,0.24600898160220194,0.6453108375132999,0.6480492621854361,0.21807197426468858,48498,26024,4667,8491
0.5199999999999999,0.26471725698213616,0.7002153587720172,0.35770789118271273,0.24912657887664608,0.63406292749658,0.6483161850386472,0.21807197426468858,49376,25146,4815,8343
0.5249999999999999,0.26471725698213616,0.7002153587720172,0.3573804937839258,0.2509683369197664,0.6204590363277094,0.6467475933631247,0.21807197426468858,50156,24366,4994,8164
0.5299999999999999,0.26471725698213616,0.7002153587720172,0.3570214669051878,0.25293073949686334,0.606703146374829,0.6451499682922157,0.21807197426468858,50943,23579,5175,7983
0.5349999999999999,0.26471725698213616,0.7002153587720172,0.3568053685147566,0.2549831990343523,0.5940112479100167,0.6437824147013651,0.21807197426468858,51685,22837,5342,7816
0.5399999999999999,0.26471725698213616,0.7002153587720172,0.35714452187288787,0.2575548757941443,0.5823073415412676,0.6429625325832529,0.21807197426468858,52435,22087,5496,7662
0.5449999999999999,0.26471725698213616,0.7002153587720172,0.35617220781075226,0.25927722532136793,0.568703450372397,0.6409175715134576,0.21807197426468858,53144,21378,5675,7483
0.5499999999999999,0.26471725698213616,0.7002153587720172,0.35532179121922713,0.26142104697409435,0.5544915640674875,0.6389443408485904,0.21807197426468858,53909,20613,5862,7296
0.5549999999999999,0.26471725698213616,0.7002153587720172,0.3535031847133758,0.2627802027077014,0.5398996808025536,0.6362309386004663,0.21807197426468858,54592,19930,6054,7104
0.5599999999999999,0.26471725698213616,0.7002153587720172,0.3517462580185317,0.2644492076858302,0.5250797993616051,0.6336048201069855,0.21807197426468858,55305,19217,6249,6909
0.565,0.26471725698213616,0.7002153587720172,0.350916417522423,0.2666851068874225,0.5129198966408268,0.6319463818568187,0.21807197426468858,55964,18558,6409,6749
0.57,0.26471725698213616,0.7002153587720172,0.3489922149941346,0.26878850102669405,0.4974160206718346,0.6292466432228501,0.21807197426468858,56717,17805,6613,6545
0.575,0.26471725698213616,0.7002153587720172,0.34646056368800526,0.2703981584107767,0.4820641434868521,0.6262002100113201,0.21807197426468858,57407,17115,6815,6343
0.58,0.26471725698213616,0.7002153587720172,0.3439854362134155,0.272364394376192,0.46671226630186957,0.6232812559334688,0.21807197426468858,58116,16406,7017,6141
0.585,0.26471725698213616,0.7002153587720172,0.34197693763983705,0.27464983413195726,0.4530323757409941,0.620889661475607,0.21807197426468858,58779,15743,7197,5961
0.59,0.26471725698213616,0.7002153587720172,0.3386290085319211,0.27625768049155147,0.4373765009879921,0.6175302032059469,0.21807197426468858,59445,15077,7403,5755
0.595,0.26471725698213616,0.7002153587720172,0.3362521891418564,0.27895791583166335,0.42316461468308253,0.6150202182940117,0.21807197426468858,60130,14392,7590,5568
0.6,0.26471725698213616,0.7002153587720172,0.3321362229102167,0.28022150245533384,0.4076607387140903,0.6113878691557623,0.21807197426468858,60744,13778,7794,5364
0.605,0.26471725698213616,0.7002153587720172,0.3294207462544136,0.28327589036599377,0.39352485180118557,0.6088622085151227,0.21807197426468858,61421,13101,7980,5178
0.61,0.26471725698213616,0.7002153587720172,0.32446026717183263,0.2844951028123031,0.3774889800881593,0.6049303143644146,0.21807197426468858,62030,12492,8191,4967
0.615,0.26471725698213616,0.7002153587720172,0.31832538135877964,0.28529270055408334,0.3600091199270406,0.6003837768390738,0.21807197426468858,62655,11867,8421,4737
0.62,0.26471725698213616,0.7002153587720172,0.313741750457828,0.28765127035417853,0.3450372397020824,0.597084519853725,0.21807197426468858,63279,11243,8618,4540
0.625,0.26471725698213616,0.7002153587720172,0.3085567963582047,0.28997326203208557,0.32968536251709984,0.5935751361040988,0.21807197426468858,63900,10622,8820,4338
0.63,0.26471725698213616,0.7002153587720172,0.3029792840934046,0.292219711945778,0.31456148350813196,0.5900187251683597,0.21807197426468858,64497,10025,9019,4139
0.635,0.26471725698213616,0.7002153587720172,0.29599456890699255,0.29380053908355797,0.2982216142270862,0.5858274813842282,0.21807197426468858,65090,9432,9234,3924
0.6399999999999999,0.26471725698213616,0.7002153587720172,0.2903250894384819,0.29726071030418855,0.2837057303541572,0.5826421622973921,0.21807197426468858,65697,8825,9425,3733
0.6449999999999999,0.26471725698213616,0.7002153587720172,0.2822839704465146,0.2992508087859697,0.26713786289709684,0.5783436288533417,0.21807197426468858,66291,8231,9643,3515
0.6499999999999999,0.26471725698213616,0.7002153587720172,0.275527950310559,0.302674672489083,0.2528499772001824,0.5749972223028904,0.21807197426468858,66857,7665,9831,3327
0.6549999999999999,0.26471725698213616,0.7002153587720172,0.2661929020934115,0.3047740417606117,0.23628210974312205,0.5705577908689846,0.21807197426468858,67430,7092,10049,3109
0.6599999999999999,0.26471725698213616,0.7002153587720172,0.2555865303774503,0.3058997987501324,0.2194862441100471,0.5657762397920676,0.21807197426468858,67969,6553,10270,2888
0.6649999999999999,0.26471725698213616,0.7002153587720172,0.24598490048043925,0.30907209382545703,0.20428636570907432,0.5618262294716435,0.21807197426468858,68513,6009,10470,2688
0.6699999999999999,0.26471725698213616,0.7002153587720172,0.23533314377784095,0.3125629405840886,0.1887064903480772,0.5577130583835607,0.21807197426468858,69061,5461,10675,2483
0.6749999999999999,0.26471725698213616,0.7002153587720172,0.22237514746362563,0.31477873643195103,0.1719106247150023,0.552918088450467,0.21807197426468858,69598,4924,10896,2262
0.6799999999999999,0.26471725698213616,0.7002153587720172,0.2092007718086727,0.31517747858017137,0.15655874753001975,0.5482479736415564,0.21807197426468858,70046,4476,11098,2060
0.6849999999999999,0.26471725698213616,0.7002153587720172,0.19749973736737053,0.3197278911564626,0.14287885696914424,0.5446017161311731,0.21807197426468858,70522,4000,11278,1880
0.69,0.26471725698213616,0.7002153587720172,0.18297594426907587,0.3222776073619632,0.12775497796017632,0.5401596606877718,0.21807197426468858,70987,3535,11477,1681
0.695,0.26471725698213616,0.7002153587720172,0.16983152082042036,0.32839398561778166,0.11453108375132999,0.536587084507371,0.21807197426468858,71440,3082,11651,1507
0.7,0.26471725698213616,0.7002153587720172,0.157341235256522,0.33407352578337035,0.1029031767745858,0.5333428419768369,0.21807197426468858,71823,2699,11804,1354
0.705,0.26471725698213616,0.7002153587720172,0.14340435719415848,0.3374647887323944,0.09104727162182702,0.5297430609471149,0.21807197426468858,72170,2352,11960,1198
0.71,0.26471725698213616,0.7002153587720172,0.1284437596302003,0.33974567981741116,0.07919136646906824,0.5260090913556259,0.21807197426468858,72497,2025,12116,1042
0.715,0.26471725698213616,0.7002153587720172,0.1114287529381869,0.33952768099109565,0.0666514667882657,0.5218794490754082,0.21807197426468858,72816,1706,12281,877
0.72,0.26471725698213616,0.7002153587720172,0.09940797605881205,0.34523271577044734,0.05806353549171606,0.5193098064458392,0.21807197426468858,73073,1449,12394,764
0.725,0.26471725698213616,0.7002153587720172,0.08565909545060947,0.34663072776280324,0.04886760905912753,0.5163019776864839,0.21807197426468858,73310,1212,12515,643
0.73,0.26471725698213616,0.7002153587720172,0.07463295269168026,0.3532818532818533,0.041723666210670314,0.5141188578765437,0.21807197426468858,73517,1005,12609,549
0.735,0.26471725698213616,0.7002153587720172,0.06034542553929389,0.3455123113582208,0.03305973552211582,0.5110012990162577,0.21807197426468858,73698,824,12723,435
0.74,0.26471725698213616,0.7002153587720172,0.04997176736307171,0.3504950495049505,0.026903784769721842,0.5090505075589035,0.21807197426468858,73866,656,12804,354
0.7449999999999999,0.26471725698213616,0.7002153587720172,0.04008016032064128,0.343980343980344,0.021279829761361908,0.5070570802815022,0.21807197426468858,73988,534,12878,280
0.7499999999999999,0.26471725698213616,0.7002153587720172,0.033031510322346976,0.35239567233384855,0.017327861377108983,0.505852680319536,0.21807197426468858,74103,419,12930,228
0.7549999999999999,0.26471725698213616,0.7002153587720172,0.026048145167191044,0.34970530451866405,0.013527891776865785,0.5045431251911892,0.21807197426468858,74191,331,12980,178
0.7599999999999999,0.26471725698213616,0.7002153587720172,0.020076764098021848,0.3487179487179487,0.0103359173126615,0.50346376392189,0.21807197426468858,74268,254,13022,136
0.7649999999999999,0.26471725698213616,0.7002153587720172,0.016204564037761094,0.3694915254237288,0.008283933728530172,0.5028940132398321,0.21807197426468858,74336,186,13049,109
0.7699999999999999,0.26471725698213616,0.7002153587720172,0.011519186176976587,0.36492890995260663,0.005851953184374525,0.5020269132283484,0.21807197426468858,74388,134,13081,77
0.7749999999999999,0.26471725698213616,0.7002153587720172,0.009312105737458696,0.3924050632911392,0.004711962304301566,0.5017118760556692,0.21807197426468858,74426,96,13096,62
0.7799999999999999,0.26471725698213616,0.7002153587720172,0.006333408731056322,0.4,0.0031919744642042863,0.5011732932625361,0.21807197426468858,74459,63,13116,42
0.7849999999999999,0.26471725698213616,0.7002153587720172,0.0039313525364784154,0.37681159420289856,0.001975984192126463,0.5006994866882641,0.21807197426468858,74479,43,13132,26
0.7899999999999999,0.26471725698213616,0.7002153587720172,0.0028774799333636226,0.3958333333333333,0.0014439884480924152,0.5005274208094841,0.21807197426468858,74493,29,13139,19
0.7949999999999999,0.26471725698213616,0.7002153587720172,0.0021231422505307855,0.4666666666666667,0.0010639914880680955,0.5004246448946205,0.21807197426468858,74506,16,13144,14
0.7999999999999999,0.26471725698213616,0.7002153587720172,0.0015177961599757153,0.5263157894736842,0.0007599939200486396,0.5003196121072292,0.21807197426468858,74513,9,13148,10
0.8049999999999999,0.26471725698213616,0.7002153587720172,0.0006076718571971136,0.5714285714285714,0.0003039975680194558,0.5001318704997446,0.21807197426468858,74519,3,13154,4
0.8099999999999999,0.26471725698213616,0.7002153587720172,0.00045582314062143887,0.6,0.00022799817601459188,0.5001005802318306,0.21807197426468858,74520,2,13155,3
0.815,0.26471725698213616,0.7002153587720172,0.00030395136778115504,1.0,0.0001519987840097279,0.5000759993920049,0.21807197426468858,74522,0,13156,2
0.82,0.26471725698213616,0.7002153587720172,0.00015198723307242192,1.0,7.599939200486396e-05,0.5000379996960024,0.21807197426468858,74522,0,13157,1
0.825,0.26471725698213616,0.7002153587720172,0.00015198723307242192,1.0,7.599939200486396e-05,0.5000379996960024,0.21807197426468858,74522,0,13157,1
0.83,0.26471725698213616,0.7002153587720172,0.0,0.0,0.0,0.5,0.21807197426468858,74522,0,13158,0
0.835,0.26471725698213616,0.7002153587720172,0.0,0.0,0.0,0.5,0.21807197426468858,74522,0,13158,0
0.84,0.26471725698213616,0.7002153587720172,0.0,0.0,0.0,0.5,0.21807197426468858,74522,0,13158,0
0.845,0.26471725698213616,0.7002153587720172,0.0,0.0,0.0,0.5,0.21807197426468858,74522,0,13158,0
0.8499999999999999,0.26471725698213616,0.7002153587720172,0.0,0.0,0.0,0.5,0.21807197426468858,74522,0,13158,0
0.8549999999999999,0.26471725698213616,0.7002153587720172,0.0,0.0,0.0,0.5,0.21807197426468858,74522,0,13158,0
0.8599999999999999,0.26471725698213616,0.7002153587720172,0.0,0.0,0.0,0.5,0.21807197426468858,74522,0,13158,0
0.8649999999999999,0.26471725698213616,0.7002153587720172,0.0,0.0,0.0,0.5,0.21807197426468858,74522,0,13158,0
0.8699999999999999,0.26471725698213616,0.7002153587720172,0.0,0.0,0.0,0.5,0.21807197426468858,74522,0,13158,0
0.8749999999999999,0.26471725698213616,0.7002153587720172,0.0,0.0,0.0,0.5,0.21807197426468858,74522,0,13158,0
0.8799999999999999,0.26471725698213616,0.7002153587720172,0.0,0.0,0.0,0.5,0.21807197426468858,74522,0,13158,0
0.8849999999999999,0.26471725698213616,0.7002153587720172,0.0,0.0,0.0,0.5,0.21807197426468858,74522,0,13158,0
0.8899999999999999,0.26471725698213616,0.7002153587720172,0.0,0.0,0.0,0.5,0.21807197426468858,74522,0,13158,0
0.8949999999999999,0.26471725698213616,0.7002153587720172,0.0,0.0,0.0,0.5,0.21807197426468858,74522,0,13158,0
0.8999999999999999,0.26471725698213616,0.7002153587720172,0.0,0.0,0.0,0.5,0.21807197426468858,74522,0,13158,0
0.9049999999999999,0.26471725698213616,0.7002153587720172,0.0,0.0,0.0,0.5,0.21807197426468858,74522,0,13158,0
0.9099999999999999,0.26471725698213616,0.7002153587720172,0.0,0.0,0.0,0.5,0.21807197426468858,74522,0,13158,0
0.9149999999999999,0.26471725698213616,0.7002153587720172,0.0,0.0,0.0,0.5,0.21807197426468858,74522,0,13158,0
0.9199999999999999,0.26471725698213616,0.7002153587720172,0.0,0.0,0.0,0.5,0.21807197426468858,74522,0,13158,0
0.9249999999999999,0.26471725698213616,0.7002153587720172,0.0,0.0,0.0,0.5,0.21807197426468858,74522,0,13158,0
0.9299999999999999,0.26471725698213616,0.7002153587720172,0.0,0.0,0.0,0.5,0.21807197426468858,74522,0,13158,0
0.9349999999999999,0.26471725698213616,0.7002153587720172,0.0,0.0,0.0,0.5,0.21807197426468858,74522,0,13158,0
0.94,0.26471725698213616,0.7002153587720172,0.0,0.0,0.0,0.5,0.21807197426468858,74522,0,13158,0
0.945,0.26471725698213616,0.7002153587720172,0.0,0.0,0.0,0.5,0.21807197426468858,74522,0,13158,0
0.95,0.26471725698213616,0.7002153587720172,0.0,0.0,0.0,0.5,0.21807197426468858,74522,0,13158,0
