Umbral,F1,AUC_ROC,Average_Precision,Precision,Recall,Especificidad,Balanced_Accuracy,Brier,TN,FP,FN,TP
0.05,0.2719584815151766,0.6915895017167712,0.2565553953059525,0.15738901519684098,0.9996200030399757,0.05508440460535144,0.5273522038226636,0.22694498129081228,4105,70417,5,13153
0.055,0.27222021006881564,0.6915895017167712,0.2565553953059525,0.1575643590450064,0.9996200030399757,0.056332358229784496,0.52797618063488,0.22694498129081228,4198,70324,5,13153
0.06,0.27234139473248303,0.6915895017167712,0.2565553953059525,0.15764556415849654,0.9996200030399757,0.056909369045382574,0.5282646860426792,0.22694498129081228,4241,70281,5,13153
0.065,0.2724626873401071,0.6915895017167712,0.2565553953059525,0.15772685301771175,0.9996200030399757,0.05748637986098065,0.5285531914504782,0.22694498129081228,4284,70238,5,13153
0.07,0.2725304325304325,0.6915895017167712,0.2565553953059525,0.15777226000695718,0.9996200030399757,0.05780843240922144,0.5287142177245986,0.22694498129081228,4308,70214,5,13153
0.075,0.2726151614073268,0.6915895017167712,0.2565553953059525,0.15782905552155704,0.9996200030399757,0.058210998094522425,0.528915500567249,0.22694498129081228,4338,70184,5,13153
0.08,0.2726575456053068,0.6915895017167712,0.2565553953059525,0.15785746861573174,0.9996200030399757,0.05841228093717291,0.5290161419885743,0.22694498129081228,4353,70169,5,13153
0.08499999999999999,0.27286213729212705,0.6915895017167712,0.2565553953059525,0.1579984381570253,0.9994680042559659,0.059552883712192375,0.5295104439840792,0.22694498129081228,4438,70084,7,13151
0.09,0.2729754133239235,0.6915895017167712,0.2565553953059525,0.15807440350982632,0.9994680042559659,0.06008963795926035,0.5297788211076131,0.22694498129081228,4478,70044,7,13151
0.095,0.2730736883637383,0.6915895017167712,0.2565553953059525,0.15814221976356838,0.9993920048639611,0.06063981106250503,0.5300159079632331,0.22694498129081228,4519,70003,8,13150
0.09999999999999999,0.2730831940016408,0.6915895017167712,0.2565553953059525,0.15815240271846995,0.9992400060799513,0.060854512761332226,0.5300472594206418,0.22694498129081228,4535,69987,10,13148
0.105,0.27323358270989195,0.6915895017167712,0.2565553953059525,0.15825329192845622,0.9992400060799513,0.0615657121386973,0.5304028591093243,0.22694498129081228,4588,69934,10,13148
0.10999999999999999,0.2733585596074681,0.6915895017167712,0.2565553953059525,0.15833714684843084,0.9992400060799513,0.062156141810472076,0.5306980739452117,0.22694498129081228,4632,69890,10,13148
0.11499999999999999,0.27356900605480533,0.6915895017167712,0.2565553953059525,0.1584783761631551,0.9992400060799513,0.06314913716754784,0.5311945716237496,0.22694498129081228,4706,69816,10,13148
0.12,0.2737484254468608,0.6915895017167712,0.2565553953059525,0.1585988106295461,0.9992400060799513,0.06399452510667991,0.5316172655933156,0.22694498129081228,4769,69753,10,13148
0.12499999999999999,0.2739908725279763,0.6915895017167712,0.2565553953059525,0.1587615919629057,0.9992400060799513,0.06513512788169937,0.5321875669808254,0.22694498129081228,4854,69668,10,13148
0.13,0.274193716567782,0.6915895017167712,0.2565553953059525,0.15889781859931112,0.9992400060799513,0.06608786667024504,0.5326639363750982,0.22694498129081228,4925,69597,10,13148
0.135,0.2742958481118298,0.6915895017167712,0.2565553953059525,0.1589683441754734,0.9991640066879465,0.06665145862966641,0.5329077326588064,0.22694498129081228,4967,69555,11,13147
0.13999999999999999,0.27444758733704216,0.6915895017167712,0.2565553953059525,0.15907028518191388,0.9991640066879465,0.06736265800703148,0.533263332347489,0.22694498129081228,5020,69502,11,13147
0.145,0.2746367804806718,0.6915895017167712,0.2565553953059525,0.15919741351125535,0.9991640066879465,0.06824830251469365,0.5337061546013201,0.22694498129081228,5086,69436,11,13147
0.14999999999999997,0.27479384190888284,0.6915895017167712,0.2565553953059525,0.15930490420620205,0.9990880072959416,0.06906685274147231,0.534077430018707,0.22694498129081228,5147,69375,12,13146
0.15499999999999997,0.27500941383205724,0.6915895017167712,0.2565553953059525,0.15944982170147734,0.9990880072959416,0.07007326695472478,0.5345806371253332,0.22694498129081228,5222,69300,12,13146
0.15999999999999998,0.2752576024126665,0.6915895017167712,0.2565553953059525,0.15962253151643227,0.998860009119927,0.07148224685327823,0.5351711279866026,0.22694498129081228,5327,69195,15,13143
0.16499999999999998,0.2754255051563679,0.6915895017167712,0.2565553953059525,0.15974130175788373,0.9986320109439124,0.0725154987788841,0.5355737548613982,0.22694498129081228,5404,69118,18,13140
0.16999999999999998,0.27566523965415934,0.6915895017167712,0.2565553953059525,0.15991040342804275,0.9983280133758929,0.07396473524596764,0.5361463743109303,0.22694498129081228,5512,69010,22,13136
0.175,0.2759185903565087,0.6915895017167712,0.2565553953059525,0.16009266597573615,0.9978720170238639,0.07564209226805507,0.5367570546459595,0.22694498129081228,5637,68885,28,13130
0.18,0.2761733421708803,0.6915895017167712,0.2565553953059525,0.16027402278638678,0.9974920200638395,0.0772389361530823,0.5373654781084609,0.22694498129081228,5756,68766,33,13125
0.185,0.2764657551562138,0.6915895017167712,0.2565553953059525,0.16047495597730385,0.9973400212798298,0.07875526690104935,0.5380476440904396,0.22694498129081228,5869,68653,35,13123
0.19,0.27678835197299007,0.6915895017167712,0.2565553953059525,0.16070422190095807,0.9968840249278006,0.08074125761520089,0.5388126412715007,0.22694498129081228,6017,68505,41,13117
0.195,0.27711327134404057,0.6915895017167712,0.2565553953059525,0.16093124861932698,0.9965800273597811,0.08256622205523201,0.5395731247075066,0.22694498129081228,6153,68369,45,13113
0.19999999999999996,0.2775060865883349,0.6915895017167712,0.2565553953059525,0.16120621802439986,0.9962000303997568,0.08478033332438743,0.5404901818620721,0.22694498129081228,6318,68204,50,13108
0.20499999999999996,0.2780307130652573,0.6915895017167712,0.2565553953059525,0.16157840851620225,0.995516035871713,0.08792034566973511,0.541718190770724,0.22694498129081228,6552,67970,59,13099
0.20999999999999996,0.2784330826747785,0.6915895017167712,0.2565553953059525,0.1618703701413537,0.9947560419516643,0.09057727919272161,0.5426666605721929,0.22694498129081228,6750,67772,69,13089
0.21499999999999997,0.2789085907428535,0.6915895017167712,0.2565553953059525,0.16221210730630417,0.9939960480316158,0.0935562652639489,0.5437761566477823,0.22694498129081228,6972,67550,79,13079
0.21999999999999997,0.2793584990330473,0.6915895017167712,0.2565553953059525,0.16252874992229752,0.9935400516795866,0.0960790102251684,0.5448095309523775,0.22694498129081228,7160,67362,85,13073
0.22499999999999998,0.27984535143992373,0.6915895017167712,0.2565553953059525,0.16287477404475473,0.9929320565435477,0.0989238077346287,0.5459279321390882,0.22694498129081228,7372,67150,93,13065
0.22999999999999998,0.28023098555266945,0.6915895017167712,0.2565553953059525,0.16315868413158685,0.9920960632314941,0.1015539035452618,0.5468249833883779,0.22694498129081228,7568,66954,104,13054
0.235,0.2807221397370516,0.6915895017167712,0.2565553953059525,0.16350829698701558,0.9914880680954552,0.1043987010547221,0.5479433845750886,0.22694498129081228,7780,66742,112,13046
0.24,0.28112631703818736,0.6915895017167712,0.2565553953059525,0.16380751297615906,0.9905760753913969,0.10717640428329889,0.5488762398373479,0.22694498129081228,7987,66535,124,13034
0.245,0.28154857118153126,0.6915895017167712,0.2565553953059525,0.16411309628808307,0.9898920808633531,0.10977966238157859,0.5498358716224658,0.22694498129081228,8181,66341,133,13025
0.24999999999999994,0.2821082281566546,0.6915895017167712,0.2565553953059525,0.1645040241575802,0.9895120839033288,0.11265129760339229,0.5510816907533606,0.22694498129081228,8395,66127,138,13020
0.25499999999999995,0.28235600560023444,0.6915895017167712,0.2565553953059525,0.16469783872070498,0.9886000911992704,0.11471780145460402,0.5516589463269372,0.22694498129081228,8549,65973,150,13008
0.25999999999999995,0.28273492377617815,0.6915895017167712,0.2565553953059525,0.1649705613643285,0.9880680954552363,0.11694533157993613,0.5525067135175862,0.22694498129081228,8715,65807,157,13001
0.26499999999999996,0.2831148737728674,0.6915895017167712,0.2565553953059525,0.16524847051042343,0.9873841009271925,0.11933388797938864,0.5533589944532906,0.22694498129081228,8893,65629,166,12992
0.26999999999999996,0.28338719538824353,0.6915895017167712,0.2565553953059525,0.16546395695744193,0.9863201094391245,0.12165535009795765,0.553987729768541,0.22694498129081228,9066,65456,180,12978
0.27499999999999997,0.284052446518353,0.6915895017167712,0.2565553953059525,0.16594355922441928,0.9854081167350661,0.1255065618206704,0.5554573392778682,0.22694498129081228,9353,65169,192,12966
0.27999999999999997,0.2844964902066329,0.6915895017167712,0.2565553953059525,0.16628356426489282,0.9841161270709834,0.12879418158396178,0.5564551543274726,0.22694498129081228,9598,64924,209,12949
0.285,0.2851220991125076,0.6915895017167712,0.2565553953059525,0.1667504868015526,0.9827481380148959,0.13292718928638522,0.5578376636506406,0.22694498129081228,9906,64616,227,12931
0.29,0.2858407569302274,0.6915895017167712,0.2565553953059525,0.16727757845791186,0.981532147742818,0.13727489868763587,0.559403523215227,0.22694498129081228,10230,64292,243,12915
0.295,0.2865171659280486,0.6915895017167712,0.2565553953059525,0.1677788617886179,0.9802401580787353,0.14150183838329622,0.5608709982310158,0.22694498129081228,10545,63977,260,12898
0.3,0.2871001193091221,0.6915895017167712,0.2565553953059525,0.16823260372427312,0.9784161726706186,0.14587638549690024,0.5621462790837595,0.22694498129081228,10871,63651,284,12874
0.30499999999999994,0.2877899167189039,0.6915895017167712,0.2565553953059525,0.1687495077318911,0.9769721842225262,0.1502777703228577,0.5636249772726919,0.22694498129081228,11199,63323,303,12855
0.30999999999999994,0.2886243297022023,0.6915895017167712,0.2565553953059525,0.16936473382149217,0.9756041951664387,0.155175652827353,0.5653899239968958,0.22694498129081228,11564,62958,321,12837
0.31499999999999995,0.28905923659640764,0.6915895017167712,0.2565553953059525,0.16974502446333153,0.9729442164462684,0.1597514827836075,0.5663478496149379,0.22694498129081228,11905,62617,356,12802
0.31999999999999995,0.28987479586281983,0.6915895017167712,0.2565553953059525,0.17035911381268495,0.9712722298221614,0.16483722927457664,0.568054729548369,0.22694498129081228,12284,62238,378,12780
0.32499999999999996,0.29049604666529955,0.6915895017167712,0.2565553953059525,0.17086147743111396,0.9689162486700107,0.16981562491613214,0.5693659367930715,0.22694498129081228,12655,61867,409,12749
0.32999999999999996,0.2911437380371122,0.6915895017167712,0.2565553953059525,0.17142432954069994,0.9652682778537772,0.1762164193124178,0.5707423485830975,0.22694498129081228,13132,61390,457,12701
0.33499999999999996,0.29179149191132414,0.6915895017167712,0.2565553953059525,0.17196794784734484,0.9623043015655874,0.181879176618985,0.5720917390922862,0.22694498129081228,13554,60968,496,12662
0.33999999999999997,0.29290410863590505,0.6915895017167712,0.2565553953059525,0.17282244269586042,0.959796321629427,0.18888381954322214,0.5743400705863245,0.22694498129081228,14076,60446,529,12629
0.3449999999999999,0.29432578562002965,0.6915895017167712,0.2565553953059525,0.1738806484994826,0.9577443380452957,0.19657282413247096,0.5771585810888833,0.22694498129081228,14649,59873,556,12602
0.3499999999999999,0.2956793826681253,0.6915895017167712,0.2565553953059525,0.1749126689212698,0.9551603587171302,0.20446311156437025,0.5798117351407502,0.22694498129081228,15237,59285,590,12568
0.3549999999999999,0.29683629079098656,0.6915895017167712,0.2565553953059525,0.1758443929499333,0.9515883872929016,0.21252784412656664,0.5820581157097341,0.22694498129081228,15838,58684,637,12521
0.35999999999999993,0.2979063716011363,0.6915895017167712,0.2565553953059525,0.17670631549136223,0.9483964128286974,0.21981428303051448,0.5841053479296059,0.22694498129081228,16381,58141,679,12479
0.36499999999999994,0.29907868465997933,0.6915895017167712,0.2565553953059525,0.17765489254686787,0.9449004407964736,0.22773140817476717,0.5863159244856204,0.22694498129081228,16971,57551,725,12433
0.36999999999999994,0.3001005585238493,0.6915895017167712,0.2565553953059525,0.1785070840720082,0.9412524699802401,0.2351788733528354,0.5882156716665378,0.22694498129081228,17526,56996,773,12385
0.37499999999999994,0.3010957366327452,0.6915895017167712,0.2565553953059525,0.17934182219896505,0.9376804985560115,0.24239821797589972,0.5900393582659557,0.22694498129081228,18064,56458,820,12338
0.37999999999999995,0.30222265932336745,0.6915895017167712,0.2565553953059525,0.18027161000791952,0.9341845265237878,0.24996645285955826,0.592075489691673,0.22694498129081228,18628,55894,866,12292
0.38499999999999995,0.3032435513046064,0.6915895017167712,0.2565553953059525,0.1811534134643851,0.9300805593555251,0.25769571401733715,0.5938881366864311,0.22694498129081228,19204,55318,920,12238
0.38999999999999996,0.30439780109945025,0.6915895017167712,0.2565553953059525,0.18214168236595796,0.9258245934032527,0.26598856713453745,0.5959065802688951,0.22694498129081228,19822,54700,976,12182
0.39499999999999996,0.30565085771947526,0.6915895017167712,0.2565553953059525,0.18323704667130455,0.9208086335309318,0.2753012533211669,0.5980549434260494,0.22694498129081228,20516,54006,1042,12116
0.3999999999999999,0.3066544473295657,0.6915895017167712,0.2565553953059525,0.1841727058679632,0.9154886760905913,0.2839698344113148,0.599729255250953,0.22694498129081228,21162,53360,1112,12046
0.4049999999999999,0.30790974970447654,0.6915895017167712,0.2565553953059525,0.18527910932426164,0.9106247150022799,0.29298730576205684,0.6018060103821684,0.22694498129081228,21834,52688,1176,11982
0.4099999999999999,0.30899940332581005,0.6915895017167712,0.2565553953059525,0.18629567067067068,0.9052287581699346,0.3018840074072086,0.6035563827885716,0.22694498129081228,22497,52025,1247,11911
0.4149999999999999,0.3104699762849993,0.6915895017167712,0.2565553953059525,0.18757223145729437,0.9004407964736282,0.31138455758031186,0.60591267702697,0.22694498129081228,23205,51317,1310,11848
0.41999999999999993,0.3120235069885642,0.6915895017167712,0.2565553953059525,0.1889123954226368,0.8958048335613316,0.3209119454657685,0.60835838951355,0.22694498129081228,23915,50607,1371,11787
0.42499999999999993,0.3137039811643836,0.6915895017167712,0.2565553953059525,0.19035945059583725,0.89109287125703,0.3308150613241727,0.6109539662906014,0.22694498129081228,24653,49869,1433,11725
0.42999999999999994,0.3149220610521758,0.6915895017167712,0.2565553953059525,0.19156816909755375,0.884404924760602,0.34101339201846437,0.6127091583895332,0.22694498129081228,25413,49109,1521,11637
0.43499999999999994,0.31593929192155573,0.6915895017167712,0.2565553953059525,0.1926626942399813,0.8772609819121447,0.3509299267330453,0.614095454322595,0.22694498129081228,26152,48370,1615,11543
0.43999999999999995,0.31773963002539585,0.6915895017167712,0.2565553953059525,0.19436002784333034,0.8700410396716827,0.36323501784707873,0.6166380287593807,0.22694498129081228,27069,47453,1710,11448
0.44499999999999995,0.31924618521904224,0.6915895017167712,0.2565553953059525,0.19586863858353323,0.862593099255206,0.3747215587343335,0.6186573289947698,0.22694498129081228,27925,46597,1808,11350
0.4499999999999999,0.32109188927079024,0.6915895017167712,0.2565553953059525,0.19763338541758108,0.8555251557987537,0.38673143501247953,0.6211282954056165,0.22694498129081228,28820,45702,1901,11257
0.4549999999999999,0.3225675695238647,0.6915895017167712,0.2565553953059525,0.19923460719969957,0.8467092263261894,0.3991304581197499,0.6229198422229696,0.22694498129081228,29744,44778,2017,11141
0.4599999999999999,0.3239914762289661,0.6915895017167712,0.2565553953059525,0.20083079782097765,0.8377412980696154,0.4113952926652532,0.6245682953674343,0.22694498129081228,30658,43864,2135,11023
0.4649999999999999,0.32520373742499775,0.6915895017167712,0.2565553953059525,0.2023402674591382,0.827937376500988,0.4237138026354634,0.6258255895682256,0.22694498129081228,31576,42946,2264,10894
0.4699999999999999,0.3263073356265058,0.6915895017167712,0.2565553953059525,0.20378536954670198,0.8182854537163703,0.43549555835860554,0.6268905060374879,0.22694498129081228,32454,42068,2391,10767
0.4749999999999999,0.32760873910302735,0.6915895017167712,0.2565553953059525,0.20534664533662278,0.8096975224198206,0.44675397869085637,0.6282257505553385,0.22694498129081228,33293,41229,2504,10654
0.4799999999999999,0.32875729306417895,0.6915895017167712,0.2565553953059525,0.20683495603015076,0.8008055935552516,0.4577842784681034,0.6292949360116775,0.22694498129081228,34115,40407,2621,10537
0.48499999999999993,0.3296278088774005,0.6915895017167712,0.2565553953059525,0.20827237931103584,0.7898616811065512,0.4698478301709562,0.6298547556387537,0.22694498129081228,35014,39508,2765,10393
0.48999999999999994,0.3313525384317272,0.6915895017167712,0.2565553953059525,0.21037523067459504,0.7797537619699042,0.48323984863530234,0.6314968053026033,0.22694498129081228,36012,38510,2898,10260
0.49499999999999994,0.3330971643241996,0.6915895017167712,0.2565553953059525,0.21265226263858794,0.768201854385165,0.4977993075870213,0.6330005809860931,0.22694498129081228,37097,37425,3050,10108
0.49999999999999994,0.3352213344121911,0.6915895017167712,0.2565553953059525,0.21538428212459926,0.7556619547043624,0.5139556104237675,0.6348087825640649,0.22694498129081228,38301,36221,3215,9943
0.5049999999999999,0.33754008482466125,0.6915895017167712,0.2565553953059525,0.2182900722504683,0.7439580483356133,0.5296019967257991,0.6367800225307062,0.22694498129081228,39467,35055,3369,9789
0.5099999999999999,0.3387045478638821,0.6915895017167712,0.2565553953059525,0.22064917127071823,0.728454172366621,0.5457046241378385,0.6370793982522298,0.22694498129081228,40667,33855,3573,9585
0.5149999999999999,0.34143682546604165,0.6915895017167712,0.2565553953059525,0.22435530085959884,0.7140902872777017,0.5641018759560935,0.6390960816168976,0.22694498129081228,42038,32484,3762,9396
0.5199999999999999,0.34403901126618464,0.6915895017167712,0.2565553953059525,0.22809364548494984,0.6997264021887825,0.5818952792463971,0.6408108407175898,0.22694498129081228,43364,31158,3951,9207
0.5249999999999999,0.3450717777008044,0.6915895017167712,0.2565553953059525,0.23103483817769532,0.6814105487156102,0.5995544939749335,0.6404825213452718,0.22694498129081228,44680,29842,4192,8966
0.5299999999999999,0.34713083702197234,0.6915895017167712,0.2565553953059525,0.23529570764406962,0.6615747074023408,0.6203671399049945,0.6409709236536676,0.22694498129081228,46231,28291,4453,8705
0.5349999999999999,0.3497889596954399,0.6915895017167712,0.2565553953059525,0.2403195542161824,0.6424228606171151,0.6414347441024127,0.6419288023597639,0.22694498129081228,47801,26721,4705,8453
0.5399999999999999,0.35032696609877817,0.6915895017167712,0.2565553953059525,0.24431443144314433,0.6188630490956072,0.6620192694774697,0.6404411592865384,0.22694498129081228,49335,25187,5015,8143
0.5449999999999999,0.3525819488100584,0.6915895017167712,0.2565553953059525,0.2502071251035626,0.5967472260221918,0.6842543141622608,0.6405007700922263,0.22694498129081228,50992,23530,5306,7852
0.5499999999999999,0.354733049459548,0.6915895017167712,0.2565553953059525,0.25625338020551647,0.5761513907888737,0.7047449075440809,0.6404481491664773,0.22694498129081228,52519,22003,5577,7581
0.5549999999999999,0.35450158822530975,0.6915895017167712,0.2565553953059525,0.2602998255172168,0.5555555555555556,0.7212501006414214,0.6384028280984885,0.22694498129081228,53749,20773,5848,7310
0.5599999999999999,0.35147162941235965,0.6915895017167712,0.2565553953059525,0.2633573323228496,0.5281957744338045,0.7391374359249617,0.6336666051793831,0.22694498129081228,55082,19440,6208,6950
0.565,0.34607913573348237,0.6915895017167712,0.2565553953059525,0.26626540556033246,0.49422404620763033,0.759534097313545,0.6268790717605877,0.22694498129081228,56602,17920,6655,6503
0.57,0.34175940942900285,0.6915895017167712,0.2565553953059525,0.27035038046363474,0.46443228454172364,0.7786828050776952,0.6215575448097094,0.22694498129081228,58029,16493,7047,6111
0.575,0.3381166182469114,0.6915895017167712,0.2565553953059525,0.2753955734021703,0.4378324973400213,0.796596978073589,0.6172147377068051,0.22694498129081228,59364,15158,7397,5761
0.58,0.3314526629053258,0.6915895017167712,0.2565553953059525,0.2798952879581152,0.4062927496580027,0.8154370521456751,0.6108649009018389,0.22694498129081228,60768,13754,7812,5346
0.585,0.3210306635553949,0.6915895017167712,0.2565553953059525,0.28281892408361803,0.3711810305517556,0.8338074662515768,0.6024942484016662,0.22694498129081228,62137,12385,8274,4884
0.59,0.30639943741209563,0.6915895017167712,0.2565553953059525,0.2851066614317498,0.3311293509651923,0.853398996269558,0.5922641736173752,0.22694498129081228,63597,10925,8801,4357
0.595,0.2869594876264827,0.6915895017167712,0.2565553953059525,0.2861894323078086,0.28773369813041494,0.8732857411234266,0.5805097196269208,0.22694498129081228,65079,9443,9372,3786
0.6,0.2702854845195014,0.6915895017167712,0.2565553953059525,0.2869706284153005,0.25543395652834777,0.8879391320683825,0.5716865442983652,0.22694498129081228,66171,8351,9797,3361
0.605,0.25392514639735214,0.6915895017167712,0.2565553953059525,0.28747117601844735,0.22739018087855298,0.9004857625935965,0.5639379717360747,0.22694498129081228,67106,7416,10166,2992
0.61,0.23993206096634337,0.6915895017167712,0.2565553953059525,0.2912642430819316,0.20398236814105486,0.9123614503099756,0.5581719092255153,0.22694498129081228,67991,6531,10474,2684
0.615,0.2264943306425272,0.6915895017167712,0.2565553953059525,0.2933639550344494,0.18445052439580484,0.9215533667910147,0.5530019455934098,0.22694498129081228,68676,5846,10731,2427
0.62,0.2148273363921758,0.6915895017167712,0.2565553953059525,0.2946866304491851,0.16902264781881746,0.9285714285714286,0.548797038195123,0.22694498129081228,69199,5323,10934,2224
0.625,0.20444533440128154,0.6915895017167712,0.2565553953059525,0.2995013200352009,0.1551907584739322,0.9359115429000832,0.5455511506870077,0.22694498129081228,69746,4776,11116,2042
0.63,0.19295796494493564,0.6915895017167712,0.2565553953059525,0.3017952450266861,0.14181486548107616,0.9420707978851882,0.5419428316831322,0.22694498129081228,70205,4317,11292,1866
0.635,0.1800663740498876,0.6915895017167712,0.2565553953059525,0.30448950036205646,0.12783097735218119,0.9484447545691205,0.5381378659606508,0.22694498129081228,70680,3842,11476,1682
0.6399999999999999,0.16841988705569705,0.6915895017167712,0.2565553953059525,0.31015497553017946,0.11559507523939809,0.9546040095542256,0.5350995423968119,0.22694498129081228,71139,3383,11637,1521
0.6449999999999999,0.15348437051907082,0.6915895017167712,0.2565553953059525,0.3128361000701426,0.10168718650250798,0.9605619816966802,0.5311245840995941,0.22694498129081228,71583,2939,11820,1338
0.6499999999999999,0.1393695188433278,0.6915895017167712,0.2565553953059525,0.31629908552985475,0.08937528499772002,0.9658892675988299,0.5276322762982749,0.22694498129081228,71980,2542,11982,1176
0.6549999999999999,0.12489265120844069,0.6915895017167712,0.2565553953059525,0.3237913486005089,0.0773673810609515,0.9714715117683369,0.5244194464146442,0.22694498129081228,72396,2126,12140,1018
0.6599999999999999,0.11056992852172813,0.6915895017167712,0.2565553953059525,0.3296869105997737,0.0664234686122511,0.976154692574005,0.5212890805931281,0.22694498129081228,72745,1777,12284,874
0.6649999999999999,0.09675316208110575,0.6915895017167712,0.2565553953059525,0.3403669724770642,0.05639154886760906,0.9807036848179062,0.5185476168427576,0.22694498129081228,73084,1438,12416,742
0.6699999999999999,0.07756531106921627,0.6915895017167712,0.2565553953059525,0.3400236127508855,0.04377564979480164,0.98499771879445,0.5143866842946259,0.22694498129081228,73404,1118,12582,576
0.6749999999999999,0.06272450953302017,0.6915895017167712,0.2565553953059525,0.34446130500758726,0.03450372397020824,0.9884061082633316,0.51145491611677,0.22694498129081228,73658,864,12704,454
0.6799999999999999,0.048439485948312384,0.6915895017167712,0.2565553953059525,0.34163346613545814,0.026067791457668337,0.9911301360672017,0.508598963762435,0.22694498129081228,73861,661,12815,343
0.6849999999999999,0.03803372802296376,0.6915895017167712,0.2565553953059525,0.3410553410553411,0.020139838881288948,0.9931295456375299,0.5066346922594094,0.22694498129081228,74010,512,12893,265
0.69,0.026695842450765863,0.6915895017167712,0.2565553953059525,0.33152173913043476,0.013907888736890105,0.9950484420707979,0.504478165403844,0.22694498129081228,74153,369,12975,183
0.695,0.01918111398008115,0.6915895017167712,0.2565553953059525,0.327455919395466,0.009879920960632315,0.9964171654008213,0.5031485431807268,0.22694498129081228,74255,267,13028,130
0.7,0.013108893192313422,0.6915895017167712,0.2565553953059525,0.3283582089552239,0.006687946496428028,0.9975846058881941,0.502136276192311,0.22694498129081228,74342,180,13070,88
0.705,0.00869891263592051,0.6915895017167712,0.2565553953059525,0.327683615819209,0.004407964736282109,0.9984031561149728,0.5014055604256275,0.22694498129081228,74403,119,13100,58
0.71,0.0048250904704463205,0.6915895017167712,0.2565553953059525,0.3018867924528302,0.0024319805441556466,0.9990070046429242,0.50071949259354,0.22694498129081228,74448,74,13126,32
0.715,0.0027235587834770767,0.6915895017167712,0.2565553953059525,0.3,0.0013679890560875513,0.9994364080405786,0.5004021985483331,0.22694498129081228,74480,42,13140,18
0.72,0.0016671718702637162,0.6915895017167712,0.2565553953059525,0.2894736842105263,0.0008359933120535035,0.9996376908832291,0.5002368420976413,0.22694498129081228,74495,27,13147,11
0.725,0.0012135922330097086,0.6915895017167712,0.2565553953059525,0.3076923076923077,0.0006079951360389116,0.9997584605888195,0.5001832278624292,0.22694498129081228,74504,18,13150,8
0.73,0.0007592437931819907,0.6915895017167712,0.2565553953059525,0.38461538461538464,0.0003799969600243198,0.9998926491505864,0.5001363230553053,0.22694498129081228,74514,8,13153,5
0.735,0.0006077180188392585,0.6915895017167712,0.2565553953059525,0.6666666666666666,0.0003039975680194558,0.9999731622876467,0.5001385799278331,0.22694498129081228,74520,2,13154,4
0.74,0.00015197568389057752,0.6915895017167712,0.2565553953059525,0.5,7.599939200486396e-05,0.9999865811438233,0.500031290267914,0.22694498129081228,74521,1,13157,1
0.7449999999999999,0.0,0.6915895017167712,0.2565553953059525,0.0,0.0,1.0,0.5,0.22694498129081228,74522,0,13158,0
0.7499999999999999,0.0,0.6915895017167712,0.2565553953059525,0.0,0.0,1.0,0.5,0.22694498129081228,74522,0,13158,0
0.7549999999999999,0.0,0.6915895017167712,0.2565553953059525,0.0,0.0,1.0,0.5,0.22694498129081228,74522,0,13158,0
0.7599999999999999,0.0,0.6915895017167712,0.2565553953059525,0.0,0.0,1.0,0.5,0.22694498129081228,74522,0,13158,0
0.7649999999999999,0.0,0.6915895017167712,0.2565553953059525,0.0,0.0,1.0,0.5,0.22694498129081228,74522,0,13158,0
0.7699999999999999,0.0,0.6915895017167712,0.2565553953059525,0.0,0.0,1.0,0.5,0.22694498129081228,74522,0,13158,0
0.7749999999999999,0.0,0.6915895017167712,0.2565553953059525,0.0,0.0,1.0,0.5,0.22694498129081228,74522,0,13158,0
0.7799999999999999,0.0,0.6915895017167712,0.2565553953059525,0.0,0.0,1.0,0.5,0.22694498129081228,74522,0,13158,0
0.7849999999999999,0.0,0.6915895017167712,0.2565553953059525,0.0,0.0,1.0,0.5,0.22694498129081228,74522,0,13158,0
0.7899999999999999,0.0,0.6915895017167712,0.2565553953059525,0.0,0.0,1.0,0.5,0.22694498129081228,74522,0,13158,0
0.7949999999999999,0.0,0.6915895017167712,0.2565553953059525,0.0,0.0,1.0,0.5,0.22694498129081228,74522,0,13158,0
0.7999999999999999,0.0,0.6915895017167712,0.2565553953059525,0.0,0.0,1.0,0.5,0.22694498129081228,74522,0,13158,0
0.8049999999999999,0.0,0.6915895017167712,0.2565553953059525,0.0,0.0,1.0,0.5,0.22694498129081228,74522,0,13158,0
0.8099999999999999,0.0,0.6915895017167712,0.2565553953059525,0.0,0.0,1.0,0.5,0.22694498129081228,74522,0,13158,0
0.815,0.0,0.6915895017167712,0.2565553953059525,0.0,0.0,1.0,0.5,0.22694498129081228,74522,0,13158,0
0.82,0.0,0.6915895017167712,0.2565553953059525,0.0,0.0,1.0,0.5,0.22694498129081228,74522,0,13158,0
0.825,0.0,0.6915895017167712,0.2565553953059525,0.0,0.0,1.0,0.5,0.22694498129081228,74522,0,13158,0
0.83,0.0,0.6915895017167712,0.2565553953059525,0.0,0.0,1.0,0.5,0.22694498129081228,74522,0,13158,0
0.835,0.0,0.6915895017167712,0.2565553953059525,0.0,0.0,1.0,0.5,0.22694498129081228,74522,0,13158,0
0.84,0.0,0.6915895017167712,0.2565553953059525,0.0,0.0,1.0,0.5,0.22694498129081228,74522,0,13158,0
0.845,0.0,0.6915895017167712,0.2565553953059525,0.0,0.0,1.0,0.5,0.22694498129081228,74522,0,13158,0
0.8499999999999999,0.0,0.6915895017167712,0.2565553953059525,0.0,0.0,1.0,0.5,0.22694498129081228,74522,0,13158,0
0.8549999999999999,0.0,0.6915895017167712,0.2565553953059525,0.0,0.0,1.0,0.5,0.22694498129081228,74522,0,13158,0
0.8599999999999999,0.0,0.6915895017167712,0.2565553953059525,0.0,0.0,1.0,0.5,0.22694498129081228,74522,0,13158,0
0.8649999999999999,0.0,0.6915895017167712,0.2565553953059525,0.0,0.0,1.0,0.5,0.22694498129081228,74522,0,13158,0
0.8699999999999999,0.0,0.6915895017167712,0.2565553953059525,0.0,0.0,1.0,0.5,0.22694498129081228,74522,0,13158,0
0.8749999999999999,0.0,0.6915895017167712,0.2565553953059525,0.0,0.0,1.0,0.5,0.22694498129081228,74522,0,13158,0
0.8799999999999999,0.0,0.6915895017167712,0.2565553953059525,0.0,0.0,1.0,0.5,0.22694498129081228,74522,0,13158,0
0.8849999999999999,0.0,0.6915895017167712,0.2565553953059525,0.0,0.0,1.0,0.5,0.22694498129081228,74522,0,13158,0
0.8899999999999999,0.0,0.6915895017167712,0.2565553953059525,0.0,0.0,1.0,0.5,0.22694498129081228,74522,0,13158,0
0.8949999999999999,0.0,0.6915895017167712,0.2565553953059525,0.0,0.0,1.0,0.5,0.22694498129081228,74522,0,13158,0
0.8999999999999999,0.0,0.6915895017167712,0.2565553953059525,0.0,0.0,1.0,0.5,0.22694498129081228,74522,0,13158,0
0.9049999999999999,0.0,0.6915895017167712,0.2565553953059525,0.0,0.0,1.0,0.5,0.22694498129081228,74522,0,13158,0
0.9099999999999999,0.0,0.6915895017167712,0.2565553953059525,0.0,0.0,1.0,0.5,0.22694498129081228,74522,0,13158,0
0.9149999999999999,0.0,0.6915895017167712,0.2565553953059525,0.0,0.0,1.0,0.5,0.22694498129081228,74522,0,13158,0
0.9199999999999999,0.0,0.6915895017167712,0.2565553953059525,0.0,0.0,1.0,0.5,0.22694498129081228,74522,0,13158,0
0.9249999999999999,0.0,0.6915895017167712,0.2565553953059525,0.0,0.0,1.0,0.5,0.22694498129081228,74522,0,13158,0
0.9299999999999999,0.0,0.6915895017167712,0.2565553953059525,0.0,0.0,1.0,0.5,0.22694498129081228,74522,0,13158,0
0.9349999999999999,0.0,0.6915895017167712,0.2565553953059525,0.0,0.0,1.0,0.5,0.22694498129081228,74522,0,13158,0
0.94,0.0,0.6915895017167712,0.2565553953059525,0.0,0.0,1.0,0.5,0.22694498129081228,74522,0,13158,0
0.945,0.0,0.6915895017167712,0.2565553953059525,0.0,0.0,1.0,0.5,0.22694498129081228,74522,0,13158,0
0.95,0.0,0.6915895017167712,0.2565553953059525,0.0,0.0,1.0,0.5,0.22694498129081228,74522,0,13158,0
