Fecha_Acc,Anio,Mes,Dia_Num,Dia_Semana,Es_Festivo,Nombre_Festivo,Siniestros
2018-01-01,2018,1,0,Lunes,True,Año Nuevo,15
2018-01-02,2018,1,1,Martes,False,,15
2018-01-03,2018,1,2,Miércoles,False,,20
2018-01-04,2018,1,3,Jueves,False,,22
2018-01-05,2018,1,4,Viernes,False,,17
2018-01-06,2018,1,5,Sábado,False,,16
2018-01-07,2018,1,6,Domingo,False,,16
2018-01-08,2018,1,0,Lunes,True,Día de los Reyes Magos (observado),17
2018-01-09,2018,1,1,Martes,False,,29
2018-01-10,2018,1,2,Miércoles,False,,25
2018-01-11,2018,1,3,Jueves,False,,32
2018-01-12,2018,1,4,Viernes,False,,28
2018-01-13,2018,1,5,Sábado,False,,41
2018-01-14,2018,1,6,Domingo,False,,23
2018-01-15,2018,1,0,Lunes,False,,29
2018-01-16,2018,1,1,Martes,False,,23
2018-01-17,2018,1,2,Miércoles,False,,32
2018-01-18,2018,1,3,Jueves,False,,33
2018-01-19,2018,1,4,Viernes,False,,32
2018-01-20,2018,1,5,Sábado,False,,23
2018-01-21,2018,1,6,Domingo,False,,19
2018-01-22,2018,1,0,Lunes,False,,34
2018-01-23,2018,1,1,Martes,False,,30
2018-01-24,2018,1,2,Miércoles,False,,35
2018-01-25,2018,1,3,Jueves,False,,40
2018-01-26,2018,1,4,Viernes,False,,42
2018-01-27,2018,1,5,Sábado,False,,20
2018-01-28,2018,1,6,Domingo,False,,20
2018-01-29,2018,1,0,Lunes,False,,38
2018-01-30,2018,1,1,Martes,False,,32
2018-01-31,2018,1,2,Miércoles,False,,34
2018-02-01,2018,2,3,Jueves,False,,28
2018-02-02,2018,2,4,Viernes,False,,30
2018-02-03,2018,2,5,Sábado,False,,40
2018-02-04,2018,2,6,Domingo,False,,22
2018-02-05,2018,2,0,Lunes,False,,31
2018-02-06,2018,2,1,Martes,False,,36
2018-02-07,2018,2,2,Miércoles,False,,35
2018-02-08,2018,2,3,Jueves,False,,37
2018-02-09,2018,2,4,Viernes,False,,37
2018-02-10,2018,2,5,Sábado,False,,38
2018-02-11,2018,2,6,Domingo,False,,34
2018-02-12,2018,2,0,Lunes,False,,33
2018-02-13,2018,2,1,Martes,False,,42
2018-02-14,2018,2,2,Miércoles,False,,41
2018-02-15,2018,2,3,Jueves,False,,30
2018-02-16,2018,2,4,Viernes,False,,45
2018-02-17,2018,2,5,Sábado,False,,46
2018-02-18,2018,2,6,Domingo,False,,30
2018-02-19,2018,2,0,Lunes,False,,24
2018-02-20,2018,2,1,Martes,False,,41
2018-02-21,2018,2,2,Miércoles,False,,43
2018-02-22,2018,2,3,Jueves,False,,39
2018-02-23,2018,2,4,Viernes,False,,38
2018-02-24,2018,2,5,Sábado,False,,39
2018-02-25,2018,2,6,Domingo,False,,26
2018-02-26,2018,2,0,Lunes,False,,39
2018-02-27,2018,2,1,Martes,False,,40
2018-02-28,2018,2,2,Miércoles,False,,44
2018-03-01,2018,3,3,Jueves,False,,47
2018-03-02,2018,3,4,Viernes,False,,40
2018-03-03,2018,3,5,Sábado,False,,43
2018-03-04,2018,3,6,Domingo,False,,27
2018-03-05,2018,3,0,Lunes,False,,30
2018-03-06,2018,3,1,Martes,False,,36
2018-03-07,2018,3,2,Miércoles,False,,39
2018-03-08,2018,3,3,Jueves,False,,41
2018-03-09,2018,3,4,Viernes,False,,48
2018-03-10,2018,3,5,Sábado,False,,35
2018-03-11,2018,3,6,Domingo,False,,27
2018-03-12,2018,3,0,Lunes,False,,42
2018-03-13,2018,3,1,Martes,False,,51
2018-03-14,2018,3,2,Miércoles,False,,40
2018-03-15,2018,3,3,Jueves,False,,48
2018-03-16,2018,3,4,Viernes,False,,43
2018-03-17,2018,3,5,Sábado,False,,48
2018-03-18,2018,3,6,Domingo,False,,16
2018-03-19,2018,3,0,Lunes,True,Día de San José,17
2018-03-20,2018,3,1,Martes,False,,52
2018-03-21,2018,3,2,Miércoles,False,,34
2018-03-22,2018,3,3,Jueves,False,,32
2018-03-23,2018,3,4,Viernes,False,,49
2018-03-24,2018,3,5,Sábado,False,,34
2018-03-25,2018,3,6,Domingo,False,,33
2018-03-26,2018,3,0,Lunes,False,,40
2018-03-27,2018,3,1,Martes,False,,24
2018-03-28,2018,3,2,Miércoles,False,,24
2018-03-29,2018,3,3,Jueves,True,Jueves Santo,28
2018-03-30,2018,3,4,Viernes,True,Viernes Santo,11
2018-03-31,2018,3,5,Sábado,False,,22
2018-04-01,2018,4,6,Domingo,False,,24
2018-04-02,2018,4,0,Lunes,False,,32
2018-04-03,2018,4,1,Martes,False,,25
2018-04-04,2018,4,2,Miércoles,False,,34
2018-04-05,2018,4,3,Jueves,False,,32
2018-04-06,2018,4,4,Viernes,False,,46
2018-04-07,2018,4,5,Sábado,False,,29
2018-04-08,2018,4,6,Domingo,False,,25
2018-04-09,2018,4,0,Lunes,False,,47
2018-04-10,2018,4,1,Martes,False,,31
2018-04-11,2018,4,2,Miércoles,False,,33
2018-04-12,2018,4,3,Jueves,False,,31
2018-04-13,2018,4,4,Viernes,False,,40
2018-04-14,2018,4,5,Sábado,False,,38
2018-04-15,2018,4,6,Domingo,False,,40
2018-04-16,2018,4,0,Lunes,False,,42
2018-04-17,2018,4,1,Martes,False,,51
2018-04-18,2018,4,2,Miércoles,False,,44
2018-04-19,2018,4,3,Jueves,False,,41
2018-04-20,2018,4,4,Viernes,False,,39
2018-04-21,2018,4,5,Sábado,False,,42
2018-04-22,2018,4,6,Domingo,False,,30
2018-04-23,2018,4,0,Lunes,False,,36
2018-04-24,2018,4,1,Martes,False,,49
2018-04-25,2018,4,2,Miércoles,False,,39
2018-04-26,2018,4,3,Jueves,False,,41
2018-04-27,2018,4,4,Viernes,False,,35
2018-04-28,2018,4,5,Sábado,False,,36
2018-04-29,2018,4,6,Domingo,False,,22
2018-04-30,2018,4,0,Lunes,False,,48
2018-05-01,2018,5,1,Martes,True,Día del Trabajo,30
2018-05-02,2018,5,2,Miércoles,False,,52
2018-05-03,2018,5,3,Jueves,False,,42
2018-05-04,2018,5,4,Viernes,False,,46
2018-05-05,2018,5,5,Sábado,False,,32
2018-05-06,2018,5,6,Domingo,False,,25
2018-05-07,2018,5,0,Lunes,False,,29
2018-05-08,2018,5,1,Martes,False,,42
2018-05-09,2018,5,2,Miércoles,False,,41
2018-05-10,2018,5,3,Jueves,False,,40
2018-05-11,2018,5,4,Viernes,False,,44
2018-05-12,2018,5,5,Sábado,False,,41
2018-05-13,2018,5,6,Domingo,False,,16
2018-05-14,2018,5,0,Lunes,True,Ascensión del señor (observado),19
2018-05-15,2018,5,1,Martes,False,,44
2018-05-16,2018,5,2,Miércoles,False,,44
2018-05-17,2018,5,3,Jueves,False,,35
2018-05-18,2018,5,4,Viernes,False,,42
2018-05-19,2018,5,5,Sábado,False,,26
2018-05-20,2018,5,6,Domingo,False,,35
2018-05-21,2018,5,0,Lunes,False,,38
2018-05-22,2018,5,1,Martes,False,,53
2018-05-23,2018,5,2,Miércoles,False,,32
2018-05-24,2018,5,3,Jueves,False,,52
2018-05-25,2018,5,4,Viernes,False,,44
2018-05-26,2018,5,5,Sábado,False,,42
2018-05-27,2018,5,6,Domingo,False,,26
2018-05-28,2018,5,0,Lunes,False,,35
2018-05-29,2018,5,1,Martes,False,,35
2018-05-30,2018,5,2,Miércoles,False,,33
2018-05-31,2018,5,3,Jueves,False,,38
2018-06-01,2018,6,4,Viernes,False,,56
2018-06-02,2018,6,5,Sábado,False,,46
2018-06-03,2018,6,6,Domingo,False,,24
2018-06-04,2018,6,0,Lunes,True,Corpus Christi (observado),18
2018-06-05,2018,6,1,Martes,False,,52
2018-06-06,2018,6,2,Miércoles,False,,40
2018-06-07,2018,6,3,Jueves,False,,36
2018-06-08,2018,6,4,Viernes,False,,48
2018-06-09,2018,6,5,Sábado,False,,35
2018-06-10,2018,6,6,Domingo,False,,23
2018-06-11,2018,6,0,Lunes,True,Sagrado Corazón (observado),22
2018-06-12,2018,6,1,Martes,False,,38
2018-06-13,2018,6,2,Miércoles,False,,41
2018-06-14,2018,6,3,Jueves,False,,34
2018-06-15,2018,6,4,Viernes,False,,48
2018-06-16,2018,6,5,Sábado,False,,36
2018-06-17,2018,6,6,Domingo,False,,18
2018-06-18,2018,6,0,Lunes,False,,33
2018-06-19,2018,6,1,Martes,False,,38
2018-06-20,2018,6,2,Miércoles,False,,47
2018-06-21,2018,6,3,Jueves,False,,38
2018-06-22,2018,6,4,Viernes,False,,53
2018-06-23,2018,6,5,Sábado,False,,46
2018-06-24,2018,6,6,Domingo,False,,31
2018-06-25,2018,6,0,Lunes,False,,39
2018-06-26,2018,6,1,Martes,False,,48
2018-06-27,2018,6,2,Miércoles,False,,51
2018-06-28,2018,6,3,Jueves,False,,41
2018-06-29,2018,6,4,Viernes,False,,45
2018-06-30,2018,6,5,Sábado,False,,37
2018-07-01,2018,7,6,Domingo,False,,27
2018-07-02,2018,7,0,Lunes,True,San Pedro y San Pablo (observado),16
2018-07-03,2018,7,1,Martes,False,,26
2018-07-04,2018,7,2,Miércoles,False,,39
2018-07-05,2018,7,3,Jueves,False,,44
2018-07-06,2018,7,4,Viernes,False,,36
2018-07-07,2018,7,5,Sábado,False,,52
2018-07-08,2018,7,6,Domingo,False,,27
2018-07-09,2018,7,0,Lunes,False,,47
2018-07-10,2018,7,1,Martes,False,,36
2018-07-11,2018,7,2,Miércoles,False,,45
2018-07-12,2018,7,3,Jueves,False,,31
2018-07-13,2018,7,4,Viernes,False,,31
2018-07-14,2018,7,5,Sábado,False,,38
2018-07-15,2018,7,6,Domingo,False,,21
2018-07-16,2018,7,0,Lunes,False,,40
2018-07-17,2018,7,1,Martes,False,,42
2018-07-18,2018,7,2,Miércoles,False,,42
2018-07-19,2018,7,3,Jueves,False,,42
2018-07-20,2018,7,4,Viernes,True,Día de la Independencia,31
2018-07-21,2018,7,5,Sábado,False,,41
2018-07-22,2018,7,6,Domingo,False,,23
2018-07-23,2018,7,0,Lunes,False,,43
2018-07-24,2018,7,1,Martes,False,,26
2018-07-25,2018,7,2,Miércoles,False,,33
2018-07-26,2018,7,3,Jueves,False,,35
2018-07-27,2018,7,4,Viernes,False,,40
2018-07-28,2018,7,5,Sábado,False,,41
2018-07-29,2018,7,6,Domingo,False,,32
2018-07-30,2018,7,0,Lunes,False,,38
2018-07-31,2018,7,1,Martes,False,,41
2018-08-01,2018,8,2,Miércoles,False,,33
2018-08-02,2018,8,3,Jueves,False,,37
2018-08-03,2018,8,4,Viernes,False,,36
2018-08-04,2018,8,5,Sábado,False,,44
2018-08-05,2018,8,6,Domingo,False,,36
2018-08-06,2018,8,0,Lunes,False,,51
2018-08-07,2018,8,1,Martes,True,Batalla de Boyacá,23
2018-08-08,2018,8,2,Miércoles,False,,31
2018-08-09,2018,8,3,Jueves,False,,38
2018-08-10,2018,8,4,Viernes,False,,42
2018-08-11,2018,8,5,Sábado,False,,50
2018-08-12,2018,8,6,Domingo,False,,24
2018-08-13,2018,8,0,Lunes,False,,50
2018-08-14,2018,8,1,Martes,False,,38
2018-08-15,2018,8,2,Miércoles,False,,38
2018-08-16,2018,8,3,Jueves,False,,43
2018-08-17,2018,8,4,Viernes,False,,38
2018-08-18,2018,8,5,Sábado,False,,27
2018-08-19,2018,8,6,Domingo,False,,25
2018-08-20,2018,8,0,Lunes,True,La Asunción (observado),31
2018-08-21,2018,8,1,Martes,False,,41
2018-08-22,2018,8,2,Miércoles,False,,32
2018-08-23,2018,8,3,Jueves,False,,47
2018-08-24,2018,8,4,Viernes,False,,38
2018-08-25,2018,8,5,Sábado,False,,37
2018-08-26,2018,8,6,Domingo,False,,26
2018-08-27,2018,8,0,Lunes,False,,38
2018-08-28,2018,8,1,Martes,False,,46
2018-08-29,2018,8,2,Miércoles,False,,45
2018-08-30,2018,8,3,Jueves,False,,42
2018-08-31,2018,8,4,Viernes,False,,35
2018-09-01,2018,9,5,Sábado,False,,37
2018-09-02,2018,9,6,Domingo,False,,30
2018-09-03,2018,9,0,Lunes,False,,33
2018-09-04,2018,9,1,Martes,False,,39
2018-09-05,2018,9,2,Miércoles,False,,35
2018-09-06,2018,9,3,Jueves,False,,44
2018-09-07,2018,9,4,Viernes,False,,37
2018-09-08,2018,9,5,Sábado,False,,33
2018-09-09,2018,9,6,Domingo,False,,20
2018-09-10,2018,9,0,Lunes,False,,38
2018-09-11,2018,9,1,Martes,False,,47
2018-09-12,2018,9,2,Miércoles,False,,35
2018-09-13,2018,9,3,Jueves,False,,30
2018-09-14,2018,9,4,Viernes,False,,44
2018-09-15,2018,9,5,Sábado,False,,42
2018-09-16,2018,9,6,Domingo,False,,25
2018-09-17,2018,9,0,Lunes,False,,38
2018-09-18,2018,9,1,Martes,False,,45
2018-09-19,2018,9,2,Miércoles,False,,41
2018-09-20,2018,9,3,Jueves,False,,38
2018-09-21,2018,9,4,Viernes,False,,53
2018-09-22,2018,9,5,Sábado,False,,35
2018-09-23,2018,9,6,Domingo,False,,28
2018-09-24,2018,9,0,Lunes,False,,34
2018-09-25,2018,9,1,Martes,False,,40
2018-09-26,2018,9,2,Miércoles,False,,40
2018-09-27,2018,9,3,Jueves,False,,41
2018-09-28,2018,9,4,Viernes,False,,41
2018-09-29,2018,9,5,Sábado,False,,43
2018-09-30,2018,9,6,Domingo,False,,18
2018-10-01,2018,10,0,Lunes,False,,46
2018-10-02,2018,10,1,Martes,False,,43
2018-10-03,2018,10,2,Miércoles,False,,35
2018-10-04,2018,10,3,Jueves,False,,39
2018-10-05,2018,10,4,Viernes,False,,36
2018-10-06,2018,10,5,Sábado,False,,39
2018-10-07,2018,10,6,Domingo,False,,17
2018-10-08,2018,10,0,Lunes,False,,42
2018-10-09,2018,10,1,Martes,False,,40
2018-10-10,2018,10,2,Miércoles,False,,35
2018-10-11,2018,10,3,Jueves,False,,32
2018-10-12,2018,10,4,Viernes,False,,37
2018-10-13,2018,10,5,Sábado,False,,40
2018-10-14,2018,10,6,Domingo,False,,26
2018-10-15,2018,10,0,Lunes,True,Día de la Raza (observado),23
2018-10-16,2018,10,1,Martes,False,,44
2018-10-17,2018,10,2,Miércoles,False,,53
2018-10-18,2018,10,3,Jueves,False,,29
2018-10-19,2018,10,4,Viernes,False,,46
2018-10-20,2018,10,5,Sábado,False,,54
2018-10-21,2018,10,6,Domingo,False,,30
2018-10-22,2018,10,0,Lunes,False,,37
2018-10-23,2018,10,1,Martes,False,,34
2018-10-24,2018,10,2,Miércoles,False,,34
2018-10-25,2018,10,3,Jueves,False,,23
2018-10-26,2018,10,4,Viernes,False,,33
2018-10-27,2018,10,5,Sábado,False,,44
2018-10-28,2018,10,6,Domingo,False,,23
2018-10-29,2018,10,0,Lunes,False,,50
2018-10-30,2018,10,1,Martes,False,,37
2018-10-31,2018,10,2,Miércoles,False,,44
2018-11-01,2018,11,3,Jueves,False,,40
2018-11-02,2018,11,4,Viernes,False,,35
2018-11-03,2018,11,5,Sábado,False,,49
2018-11-04,2018,11,6,Domingo,False,,24
2018-11-05,2018,11,0,Lunes,True,Día de Todos los Santos (observado),24
2018-11-06,2018,11,1,Martes,False,,40
2018-11-07,2018,11,2,Miércoles,False,,39
2018-11-08,2018,11,3,Jueves,False,,45
2018-11-09,2018,11,4,Viernes,False,,34
2018-11-10,2018,11,5,Sábado,False,,43
2018-11-11,2018,11,6,Domingo,False,,35
2018-11-12,2018,11,0,Lunes,True,Independencia de Cartagena (observado),26
2018-11-13,2018,11,1,Martes,False,,44
2018-11-14,2018,11,2,Miércoles,False,,40
2018-11-15,2018,11,3,Jueves,False,,38
2018-11-16,2018,11,4,Viernes,False,,37
2018-11-17,2018,11,5,Sábado,False,,47
2018-11-18,2018,11,6,Domingo,False,,33
2018-11-19,2018,11,0,Lunes,False,,42
2018-11-20,2018,11,1,Martes,False,,41
2018-11-21,2018,11,2,Miércoles,False,,35
2018-11-22,2018,11,3,Jueves,False,,33
2018-11-23,2018,11,4,Viernes,False,,42
2018-11-24,2018,11,5,Sábado,False,,32
2018-11-25,2018,11,6,Domingo,False,,37
2018-11-26,2018,11,0,Lunes,False,,42
2018-11-27,2018,11,1,Martes,False,,38
2018-11-28,2018,11,2,Miércoles,False,,40
2018-11-29,2018,11,3,Jueves,False,,38
2018-11-30,2018,11,4,Viernes,False,,34
2018-12-01,2018,12,5,Sábado,False,,46
2018-12-02,2018,12,6,Domingo,False,,35
2018-12-03,2018,12,0,Lunes,False,,42
2018-12-04,2018,12,1,Martes,False,,46
2018-12-05,2018,12,2,Miércoles,False,,39
2018-12-06,2018,12,3,Jueves,False,,47
2018-12-07,2018,12,4,Viernes,False,,44
2018-12-08,2018,12,5,Sábado,True,La Inmaculada Concepción,33
2018-12-09,2018,12,6,Domingo,False,,25
2018-12-10,2018,12,0,Lunes,False,,41
2018-12-11,2018,12,1,Martes,False,,30
2018-12-12,2018,12,2,Miércoles,False,,39
2018-12-13,2018,12,3,Jueves,False,,42
2018-12-14,2018,12,4,Viernes,False,,48
2018-12-15,2018,12,5,Sábado,False,,40
2018-12-16,2018,12,6,Domingo,False,,28
2018-12-17,2018,12,0,Lunes,False,,45
2018-12-18,2018,12,1,Martes,False,,37
2018-12-19,2018,12,2,Miércoles,False,,36
2018-12-20,2018,12,3,Jueves,False,,43
2018-12-21,2018,12,4,Viernes,False,,30
2018-12-22,2018,12,5,Sábado,False,,32
2018-12-23,2018,12,6,Domingo,False,,27
2018-12-24,2018,12,0,Lunes,False,,46
2018-12-25,2018,12,1,Martes,True,Navidad,26
2018-12-26,2018,12,2,Miércoles,False,,26
2018-12-27,2018,12,3,Jueves,False,,30
2018-12-28,2018,12,4,Viernes,False,,28
2018-12-29,2018,12,5,Sábado,False,,30
2018-12-30,2018,12,6,Domingo,False,,30
2018-12-31,2018,12,0,Lunes,False,,22
2019-01-01,2019,1,1,Martes,True,Año Nuevo,17
2019-01-02,2019,1,2,Miércoles,False,,29
2019-01-03,2019,1,3,Jueves,False,,25
2019-01-04,2019,1,4,Viernes,False,,31
2019-01-05,2019,1,5,Sábado,False,,36
2019-01-06,2019,1,6,Domingo,False,,19
2019-01-07,2019,1,0,Lunes,True,Día de los Reyes Magos (observado),12
2019-01-08,2019,1,1,Martes,False,,24
2019-01-09,2019,1,2,Miércoles,False,,32
2019-01-10,2019,1,3,Jueves,False,,23
2019-01-11,2019,1,4,Viernes,False,,34
2019-01-12,2019,1,5,Sábado,False,,30
2019-01-13,2019,1,6,Domingo,False,,18
2019-01-14,2019,1,0,Lunes,False,,26
2019-01-15,2019,1,1,Martes,False,,34
2019-01-16,2019,1,2,Miércoles,False,,34
2019-01-17,2019,1,3,Jueves,False,,34
2019-01-18,2019,1,4,Viernes,False,,38
2019-01-19,2019,1,5,Sábado,False,,36
2019-01-20,2019,1,6,Domingo,False,,33
2019-01-21,2019,1,0,Lunes,False,,53
2019-01-22,2019,1,1,Martes,False,,25
2019-01-23,2019,1,2,Miércoles,False,,30
2019-01-24,2019,1,3,Jueves,False,,27
2019-01-25,2019,1,4,Viernes,False,,31
2019-01-26,2019,1,5,Sábado,False,,49
2019-01-27,2019,1,6,Domingo,False,,29
2019-01-28,2019,1,0,Lunes,False,,31
2019-01-29,2019,1,1,Martes,False,,34
2019-01-30,2019,1,2,Miércoles,False,,39
2019-01-31,2019,1,3,Jueves,False,,38
2019-02-01,2019,2,4,Viernes,False,,41
2019-02-02,2019,2,5,Sábado,False,,37
2019-02-03,2019,2,6,Domingo,False,,30
2019-02-04,2019,2,0,Lunes,False,,44
2019-02-05,2019,2,1,Martes,False,,39
2019-02-06,2019,2,2,Miércoles,False,,33
2019-02-07,2019,2,3,Jueves,False,,30
2019-02-08,2019,2,4,Viernes,False,,43
2019-02-09,2019,2,5,Sábado,False,,42
2019-02-10,2019,2,6,Domingo,False,,27
2019-02-11,2019,2,0,Lunes,False,,40
2019-02-12,2019,2,1,Martes,False,,54
2019-02-13,2019,2,2,Miércoles,False,,40
2019-02-14,2019,2,3,Jueves,False,,43
2019-02-15,2019,2,4,Viernes,False,,54
2019-02-16,2019,2,5,Sábado,False,,33
2019-02-17,2019,2,6,Domingo,False,,15
2019-02-18,2019,2,0,Lunes,False,,40
2019-02-19,2019,2,1,Martes,False,,30
2019-02-20,2019,2,2,Miércoles,False,,38
2019-02-21,2019,2,3,Jueves,False,,41
2019-02-22,2019,2,4,Viernes,False,,34
2019-02-23,2019,2,5,Sábado,False,,37
2019-02-24,2019,2,6,Domingo,False,,22
2019-02-25,2019,2,0,Lunes,False,,33
2019-02-26,2019,2,1,Martes,False,,44
2019-02-27,2019,2,2,Miércoles,False,,35
2019-02-28,2019,2,3,Jueves,False,,38
2019-03-01,2019,3,4,Viernes,False,,38
2019-03-02,2019,3,5,Sábado,False,,42
2019-03-03,2019,3,6,Domingo,False,,31
2019-03-04,2019,3,0,Lunes,False,,45
2019-03-05,2019,3,1,Martes,False,,47
2019-03-06,2019,3,2,Miércoles,False,,50
2019-03-07,2019,3,3,Jueves,False,,51
2019-03-08,2019,3,4,Viernes,False,,37
2019-03-09,2019,3,5,Sábado,False,,43
2019-03-10,2019,3,6,Domingo,False,,33
2019-03-11,2019,3,0,Lunes,False,,37
2019-03-12,2019,3,1,Martes,False,,39
2019-03-13,2019,3,2,Miércoles,False,,36
2019-03-14,2019,3,3,Jueves,False,,36
2019-03-15,2019,3,4,Viernes,False,,58
2019-03-16,2019,3,5,Sábado,False,,39
2019-03-17,2019,3,6,Domingo,False,,28
2019-03-18,2019,3,0,Lunes,False,,50
2019-03-19,2019,3,1,Martes,False,,52
2019-03-20,2019,3,2,Miércoles,False,,37
2019-03-21,2019,3,3,Jueves,False,,59
2019-03-22,2019,3,4,Viernes,False,,38
2019-03-23,2019,3,5,Sábado,False,,43
2019-03-24,2019,3,6,Domingo,False,,23
2019-03-25,2019,3,0,Lunes,True,Día de San José (observado),28
2019-03-26,2019,3,1,Martes,False,,49
2019-03-27,2019,3,2,Miércoles,False,,37
2019-03-28,2019,3,3,Jueves,False,,45
2019-03-29,2019,3,4,Viernes,False,,37
2019-03-30,2019,3,5,Sábado,False,,35
2019-03-31,2019,3,6,Domingo,False,,20
2019-04-01,2019,4,0,Lunes,False,,37
2019-04-02,2019,4,1,Martes,False,,36
2019-04-03,2019,4,2,Miércoles,False,,43
2019-04-04,2019,4,3,Jueves,False,,39
2019-04-05,2019,4,4,Viernes,False,,48
2019-04-06,2019,4,5,Sábado,False,,37
2019-04-07,2019,4,6,Domingo,False,,21
2019-04-08,2019,4,0,Lunes,False,,39
2019-04-09,2019,4,1,Martes,False,,51
2019-04-10,2019,4,2,Miércoles,False,,48
2019-04-11,2019,4,3,Jueves,False,,50
2019-04-12,2019,4,4,Viernes,False,,45
2019-04-13,2019,4,5,Sábado,False,,29
2019-04-14,2019,4,6,Domingo,False,,23
2019-04-15,2019,4,0,Lunes,False,,33
2019-04-16,2019,4,1,Martes,False,,24
2019-04-17,2019,4,2,Miércoles,False,,34
2019-04-18,2019,4,3,Jueves,True,Jueves Santo,21
2019-04-19,2019,4,4,Viernes,True,Viernes Santo,10
2019-04-20,2019,4,5,Sábado,False,,15
2019-04-21,2019,4,6,Domingo,False,,19
2019-04-22,2019,4,0,Lunes,False,,35
2019-04-23,2019,4,1,Martes,False,,31
2019-04-24,2019,4,2,Miércoles,False,,41
2019-04-25,2019,4,3,Jueves,False,,45
2019-04-26,2019,4,4,Viernes,False,,39
2019-04-27,2019,4,5,Sábado,False,,35
2019-04-28,2019,4,6,Domingo,False,,25
2019-04-29,2019,4,0,Lunes,False,,40
2019-04-30,2019,4,1,Martes,False,,46
2019-05-01,2019,5,2,Miércoles,True,Día del Trabajo,32
2019-05-02,2019,5,3,Jueves,False,,48
2019-05-03,2019,5,4,Viernes,False,,39
2019-05-04,2019,5,5,Sábado,False,,38
2019-05-05,2019,5,6,Domingo,False,,24
2019-05-06,2019,5,0,Lunes,False,,48
2019-05-07,2019,5,1,Martes,False,,44
2019-05-08,2019,5,2,Miércoles,False,,45
2019-05-09,2019,5,3,Jueves,False,,42
2019-05-10,2019,5,4,Viernes,False,,39
2019-05-11,2019,5,5,Sábado,False,,42
2019-05-12,2019,5,6,Domingo,False,,32
2019-05-13,2019,5,0,Lunes,False,,42
2019-05-14,2019,5,1,Martes,False,,51
2019-05-15,2019,5,2,Miércoles,False,,35
2019-05-16,2019,5,3,Jueves,False,,40
2019-05-17,2019,5,4,Viernes,False,,40
2019-05-18,2019,5,5,Sábado,False,,38
2019-05-19,2019,5,6,Domingo,False,,19
2019-05-20,2019,5,0,Lunes,False,,38
2019-05-21,2019,5,1,Martes,False,,34
2019-05-22,2019,5,2,Miércoles,False,,40
2019-05-23,2019,5,3,Jueves,False,,43
2019-05-24,2019,5,4,Viernes,False,,47
2019-05-25,2019,5,5,Sábado,False,,38
2019-05-26,2019,5,6,Domingo,False,,31
2019-05-27,2019,5,0,Lunes,False,,25
2019-05-28,2019,5,1,Martes,False,,48
2019-05-29,2019,5,2,Miércoles,False,,39
2019-05-30,2019,5,3,Jueves,False,,43
2019-05-31,2019,5,4,Viernes,False,,50
2019-06-01,2019,6,5,Sábado,False,,41
2019-06-02,2019,6,6,Domingo,False,,34
2019-06-03,2019,6,0,Lunes,True,Ascensión del señor (observado),30
2019-06-04,2019,6,1,Martes,False,,43
2019-06-05,2019,6,2,Miércoles,False,,37
2019-06-06,2019,6,3,Jueves,False,,45
2019-06-07,2019,6,4,Viernes,False,,39
2019-06-08,2019,6,5,Sábado,False,,46
2019-06-09,2019,6,6,Domingo,False,,29
2019-06-10,2019,6,0,Lunes,False,,32
2019-06-11,2019,6,1,Martes,False,,41
2019-06-12,2019,6,2,Miércoles,False,,31
2019-06-13,2019,6,3,Jueves,False,,33
2019-06-14,2019,6,4,Viernes,False,,38
2019-06-15,2019,6,5,Sábado,False,,45
2019-06-16,2019,6,6,Domingo,False,,36
2019-06-17,2019,6,0,Lunes,False,,45
2019-06-18,2019,6,1,Martes,False,,34
2019-06-19,2019,6,2,Miércoles,False,,36
2019-06-20,2019,6,3,Jueves,False,,28
2019-06-21,2019,6,4,Viernes,False,,53
2019-06-22,2019,6,5,Sábado,False,,43
2019-06-23,2019,6,6,Domingo,False,,25
2019-06-24,2019,6,0,Lunes,True,Corpus Christi (observado),17
2019-06-25,2019,6,1,Martes,False,,43
2019-06-26,2019,6,2,Miércoles,False,,56
2019-06-27,2019,6,3,Jueves,False,,34
2019-06-28,2019,6,4,Viernes,False,,34
2019-06-29,2019,6,5,Sábado,False,,37
2019-06-30,2019,6,6,Domingo,False,,17
2019-07-01,2019,7,0,Lunes,True,Sagrado Corazón (observado); San Pedro y San Pablo (observado),18
2019-07-02,2019,7,1,Martes,False,,45
2019-07-03,2019,7,2,Miércoles,False,,38
2019-07-04,2019,7,3,Jueves,False,,35
2019-07-05,2019,7,4,Viernes,False,,32
2019-07-06,2019,7,5,Sábado,False,,36
2019-07-07,2019,7,6,Domingo,False,,34
2019-07-08,2019,7,0,Lunes,False,,38
2019-07-09,2019,7,1,Martes,False,,49
2019-07-10,2019,7,2,Miércoles,False,,46
2019-07-11,2019,7,3,Jueves,False,,42
2019-07-12,2019,7,4,Viernes,False,,36
2019-07-13,2019,7,5,Sábado,False,,42
2019-07-14,2019,7,6,Domingo,False,,24
2019-07-15,2019,7,0,Lunes,False,,46
2019-07-16,2019,7,1,Martes,False,,26
2019-07-17,2019,7,2,Miércoles,False,,38
2019-07-18,2019,7,3,Jueves,False,,35
2019-07-19,2019,7,4,Viernes,False,,53
2019-07-20,2019,7,5,Sábado,True,Día de la Independencia,29
2019-07-21,2019,7,6,Domingo,False,,26
2019-07-22,2019,7,0,Lunes,False,,35
2019-07-23,2019,7,1,Martes,False,,43
2019-07-24,2019,7,2,Miércoles,False,,40
2019-07-25,2019,7,3,Jueves,False,,42
2019-07-26,2019,7,4,Viernes,False,,43
2019-07-27,2019,7,5,Sábado,False,,43
2019-07-28,2019,7,6,Domingo,False,,21
2019-07-29,2019,7,0,Lunes,False,,44
2019-07-30,2019,7,1,Martes,False,,30
2019-07-31,2019,7,2,Miércoles,False,,36
2019-08-01,2019,8,3,Jueves,False,,34
2019-08-02,2019,8,4,Viernes,False,,46
2019-08-03,2019,8,5,Sábado,False,,39
2019-08-04,2019,8,6,Domingo,False,,32
2019-08-05,2019,8,0,Lunes,False,,37
2019-08-06,2019,8,1,Martes,False,,41
2019-08-07,2019,8,2,Miércoles,True,Batalla de Boyacá,35
2019-08-08,2019,8,3,Jueves,False,,44
2019-08-09,2019,8,4,Viernes,False,,41
2019-08-10,2019,8,5,Sábado,False,,50
2019-08-11,2019,8,6,Domingo,False,,22
2019-08-12,2019,8,0,Lunes,False,,40
2019-08-13,2019,8,1,Martes,False,,32
2019-08-14,2019,8,2,Miércoles,False,,36
2019-08-15,2019,8,3,Jueves,False,,41
2019-08-16,2019,8,4,Viernes,False,,32
2019-08-17,2019,8,5,Sábado,False,,40
2019-08-18,2019,8,6,Domingo,False,,24
2019-08-19,2019,8,0,Lunes,True,La Asunción (observado),16
2019-08-20,2019,8,1,Martes,False,,41
2019-08-21,2019,8,2,Miércoles,False,,39
2019-08-22,2019,8,3,Jueves,False,,36
2019-08-23,2019,8,4,Viernes,False,,29
2019-08-24,2019,8,5,Sábado,False,,35
2019-08-25,2019,8,6,Domingo,False,,21
2019-08-26,2019,8,0,Lunes,False,,37
2019-08-27,2019,8,1,Martes,False,,47
2019-08-28,2019,8,2,Miércoles,False,,34
2019-08-29,2019,8,3,Jueves,False,,35
2019-08-30,2019,8,4,Viernes,False,,41
2019-08-31,2019,8,5,Sábado,False,,34
2019-09-01,2019,9,6,Domingo,False,,23
2019-09-02,2019,9,0,Lunes,False,,32
2019-09-03,2019,9,1,Martes,False,,48
2019-09-04,2019,9,2,Miércoles,False,,53
2019-09-05,2019,9,3,Jueves,False,,44
2019-09-06,2019,9,4,Viernes,False,,41
2019-09-07,2019,9,5,Sábado,False,,44
2019-09-08,2019,9,6,Domingo,False,,34
2019-09-09,2019,9,0,Lunes,False,,48
2019-09-10,2019,9,1,Martes,False,,41
2019-09-11,2019,9,2,Miércoles,False,,33
2019-09-12,2019,9,3,Jueves,False,,36
2019-09-13,2019,9,4,Viernes,False,,35
2019-09-14,2019,9,5,Sábado,False,,43
2019-09-15,2019,9,6,Domingo,False,,32
2019-09-16,2019,9,0,Lunes,False,,34
2019-09-17,2019,9,1,Martes,False,,42
2019-09-18,2019,9,2,Miércoles,False,,27
2019-09-19,2019,9,3,Jueves,False,,28
2019-09-20,2019,9,4,Viernes,False,,31
2019-09-21,2019,9,5,Sábado,False,,37
2019-09-22,2019,9,6,Domingo,False,,22
2019-09-23,2019,9,0,Lunes,False,,30
2019-09-24,2019,9,1,Martes,False,,49
2019-09-25,2019,9,2,Miércoles,False,,24
2019-09-26,2019,9,3,Jueves,False,,46
2019-09-27,2019,9,4,Viernes,False,,43
2019-09-28,2019,9,5,Sábado,False,,29
2019-09-29,2019,9,6,Domingo,False,,18
2019-09-30,2019,9,0,Lunes,False,,44
2019-10-01,2019,10,1,Martes,False,,45
2019-10-02,2019,10,2,Miércoles,False,,39
2019-10-03,2019,10,3,Jueves,False,,31
2019-10-04,2019,10,4,Viernes,False,,43
2019-10-05,2019,10,5,Sábado,False,,45
2019-10-06,2019,10,6,Domingo,False,,31
2019-10-07,2019,10,0,Lunes,False,,28
2019-10-08,2019,10,1,Martes,False,,42
2019-10-09,2019,10,2,Miércoles,False,,34
2019-10-10,2019,10,3,Jueves,False,,37
2019-10-11,2019,10,4,Viernes,False,,48
2019-10-12,2019,10,5,Sábado,False,,36
2019-10-13,2019,10,6,Domingo,False,,22
2019-10-14,2019,10,0,Lunes,True,Día de la Raza (observado),22
2019-10-15,2019,10,1,Martes,False,,29
2019-10-16,2019,10,2,Miércoles,False,,27
2019-10-17,2019,10,3,Jueves,False,,31
2019-10-18,2019,10,4,Viernes,False,,38
2019-10-19,2019,10,5,Sábado,False,,37
2019-10-20,2019,10,6,Domingo,False,,24
2019-10-21,2019,10,0,Lunes,False,,33
2019-10-22,2019,10,1,Martes,False,,24
2019-10-23,2019,10,2,Miércoles,False,,31
2019-10-24,2019,10,3,Jueves,False,,37
2019-10-25,2019,10,4,Viernes,False,,34
2019-10-26,2019,10,5,Sábado,False,,41
2019-10-27,2019,10,6,Domingo,False,,21
2019-10-28,2019,10,0,Lunes,False,,35
2019-10-29,2019,10,1,Martes,False,,36
2019-10-30,2019,10,2,Miércoles,False,,34
2019-10-31,2019,10,3,Jueves,False,,37
2019-11-01,2019,11,4,Viernes,False,,35
2019-11-02,2019,11,5,Sábado,False,,23
2019-11-03,2019,11,6,Domingo,False,,30
2019-11-04,2019,11,0,Lunes,True,Día de Todos los Santos (observado),31
2019-11-05,2019,11,1,Martes,False,,31
2019-11-06,2019,11,2,Miércoles,False,,43
2019-11-07,2019,11,3,Jueves,False,,31
2019-11-08,2019,11,4,Viernes,False,,35
2019-11-09,2019,11,5,Sábado,False,,21
2019-11-10,2019,11,6,Domingo,False,,17
2019-11-11,2019,11,0,Lunes,True,Independencia de Cartagena,20
2019-11-12,2019,11,1,Martes,False,,30
2019-11-13,2019,11,2,Miércoles,False,,35
2019-11-14,2019,11,3,Jueves,False,,35
2019-11-15,2019,11,4,Viernes,False,,23
2019-11-16,2019,11,5,Sábado,False,,34
2019-11-17,2019,11,6,Domingo,False,,22
2019-11-18,2019,11,0,Lunes,False,,34
2019-11-19,2019,11,1,Martes,False,,34
2019-11-20,2019,11,2,Miércoles,False,,43
2019-11-21,2019,11,3,Jueves,False,,31
2019-11-22,2019,11,4,Viernes,False,,26
2019-11-23,2019,11,5,Sábado,False,,28
2019-11-24,2019,11,6,Domingo,False,,17
2019-11-25,2019,11,0,Lunes,False,,44
2019-11-26,2019,11,1,Martes,False,,19
2019-11-27,2019,11,2,Miércoles,False,,25
2019-11-28,2019,11,3,Jueves,False,,37
2019-11-29,2019,11,4,Viernes,False,,35
2019-11-30,2019,11,5,Sábado,False,,34
2019-12-01,2019,12,6,Domingo,False,,29
2019-12-02,2019,12,0,Lunes,False,,32
2019-12-03,2019,12,1,Martes,False,,40
2019-12-04,2019,12,2,Miércoles,False,,41
2019-12-05,2019,12,3,Jueves,False,,29
2019-12-06,2019,12,4,Viernes,False,,46
2019-12-07,2019,12,5,Sábado,False,,37
2019-12-08,2019,12,6,Domingo,True,La Inmaculada Concepción,23
2019-12-09,2019,12,0,Lunes,False,,34
2019-12-10,2019,12,1,Martes,False,,42
2019-12-11,2019,12,2,Miércoles,False,,37
2019-12-12,2019,12,3,Jueves,False,,26
2019-12-13,2019,12,4,Viernes,False,,39
2019-12-14,2019,12,5,Sábado,False,,39
2019-12-15,2019,12,6,Domingo,False,,31
2019-12-16,2019,12,0,Lunes,False,,34
2019-12-17,2019,12,1,Martes,False,,28
2019-12-18,2019,12,2,Miércoles,False,,25
2019-12-19,2019,12,3,Jueves,False,,38
2019-12-20,2019,12,4,Viernes,False,,48
2019-12-21,2019,12,5,Sábado,False,,26
2019-12-22,2019,12,6,Domingo,False,,20
2019-12-23,2019,12,0,Lunes,False,,33
2019-12-24,2019,12,1,Martes,False,,40
2019-12-25,2019,12,2,Miércoles,True,Navidad,19
2019-12-26,2019,12,3,Jueves,False,,32
2019-12-27,2019,12,4,Viernes,False,,27
2019-12-28,2019,12,5,Sábado,False,,21
2019-12-29,2019,12,6,Domingo,False,,16
2019-12-30,2019,12,0,Lunes,False,,26
2019-12-31,2019,12,1,Martes,False,,23
2020-01-01,2020,1,2,Miércoles,True,Año Nuevo,13
2020-01-02,2020,1,3,Jueves,False,,8
2020-01-03,2020,1,4,Viernes,False,,23
2020-01-04,2020,1,5,Sábado,False,,20
2020-01-05,2020,1,6,Domingo,False,,9
2020-01-06,2020,1,0,Lunes,True,Día de los Reyes Magos,14
2020-01-07,2020,1,1,Martes,False,,30
2020-01-08,2020,1,2,Miércoles,False,,23
2020-01-09,2020,1,3,Jueves,False,,27
2020-01-10,2020,1,4,Viernes,False,,31
2020-01-11,2020,1,5,Sábado,False,,22
2020-01-12,2020,1,6,Domingo,False,,29
2020-01-13,2020,1,0,Lunes,False,,30
2020-01-14,2020,1,1,Martes,False,,28
2020-01-15,2020,1,2,Miércoles,False,,41
2020-01-16,2020,1,3,Jueves,False,,33
2020-01-17,2020,1,4,Viernes,False,,25
2020-01-18,2020,1,5,Sábado,False,,34
2020-01-19,2020,1,6,Domingo,False,,28
2020-01-20,2020,1,0,Lunes,False,,24
2020-01-21,2020,1,1,Martes,False,,29
2020-01-22,2020,1,2,Miércoles,False,,29
2020-01-23,2020,1,3,Jueves,False,,24
2020-01-24,2020,1,4,Viernes,False,,33
2020-01-25,2020,1,5,Sábado,False,,24
2020-01-26,2020,1,6,Domingo,False,,21
2020-01-27,2020,1,0,Lunes,False,,35
2020-01-28,2020,1,1,Martes,False,,26
2020-01-29,2020,1,2,Miércoles,False,,32
2020-01-30,2020,1,3,Jueves,False,,34
2020-01-31,2020,1,4,Viernes,False,,32
2020-02-01,2020,2,5,Sábado,False,,40
2020-02-02,2020,2,6,Domingo,False,,23
2020-02-03,2020,2,0,Lunes,False,,40
2020-02-04,2020,2,1,Martes,False,,39
2020-02-05,2020,2,2,Miércoles,False,,39
2020-02-06,2020,2,3,Jueves,False,,32
2020-02-07,2020,2,4,Viernes,False,,39
2020-02-08,2020,2,5,Sábado,False,,39
2020-02-09,2020,2,6,Domingo,False,,22
2020-02-10,2020,2,0,Lunes,False,,33
2020-02-11,2020,2,1,Martes,False,,35
2020-02-12,2020,2,2,Miércoles,False,,36
2020-02-13,2020,2,3,Jueves,False,,36
2020-02-14,2020,2,4,Viernes,False,,36
2020-02-15,2020,2,5,Sábado,False,,34
2020-02-16,2020,2,6,Domingo,False,,29
2020-02-17,2020,2,0,Lunes,False,,27
2020-02-18,2020,2,1,Martes,False,,38
2020-02-19,2020,2,2,Miércoles,False,,38
2020-02-20,2020,2,3,Jueves,False,,35
2020-02-21,2020,2,4,Viernes,False,,41
2020-02-22,2020,2,5,Sábado,False,,36
2020-02-23,2020,2,6,Domingo,False,,21
2020-02-24,2020,2,0,Lunes,False,,29
2020-02-25,2020,2,1,Martes,False,,29
2020-02-26,2020,2,2,Miércoles,False,,34
2020-02-27,2020,2,3,Jueves,False,,37
2020-02-28,2020,2,4,Viernes,False,,41
2020-02-29,2020,2,5,Sábado,False,,43
2020-03-01,2020,3,6,Domingo,False,,29
2020-03-02,2020,3,0,Lunes,False,,32
2020-03-03,2020,3,1,Martes,False,,37
2020-03-04,2020,3,2,Miércoles,False,,37
2020-03-05,2020,3,3,Jueves,False,,45
2020-03-06,2020,3,4,Viernes,False,,47
2020-03-07,2020,3,5,Sábado,False,,30
2020-03-08,2020,3,6,Domingo,False,,25
2020-03-09,2020,3,0,Lunes,False,,35
2020-03-10,2020,3,1,Martes,False,,30
2020-03-11,2020,3,2,Miércoles,False,,31
2020-03-12,2020,3,3,Jueves,False,,32
2020-03-13,2020,3,4,Viernes,False,,39
2020-03-14,2020,3,5,Sábado,False,,36
2020-03-15,2020,3,6,Domingo,False,,20
2020-03-16,2020,3,0,Lunes,False,,33
2020-03-17,2020,3,1,Martes,False,,22
2020-03-18,2020,3,2,Miércoles,False,,31
2020-03-19,2020,3,3,Jueves,False,,24
2020-03-20,2020,3,4,Viernes,False,,8
2020-03-21,2020,3,5,Sábado,False,,2
2020-03-22,2020,3,6,Domingo,False,,6
2020-03-23,2020,3,0,Lunes,True,Día de San José (observado),2
2020-03-24,2020,3,1,Martes,False,,23
2020-03-25,2020,3,2,Miércoles,False,,4
2020-03-26,2020,3,3,Jueves,False,,7
2020-03-27,2020,3,4,Viernes,False,,10
2020-03-28,2020,3,5,Sábado,False,,6
2020-03-29,2020,3,6,Domingo,False,,4
2020-03-30,2020,3,0,Lunes,False,,8
2020-03-31,2020,3,1,Martes,False,,7
2020-04-01,2020,4,2,Miércoles,False,,8
2020-04-02,2020,4,3,Jueves,False,,13
2020-04-03,2020,4,4,Viernes,False,,8
2020-04-04,2020,4,5,Sábado,False,,5
2020-04-05,2020,4,6,Domingo,False,,13
2020-04-06,2020,4,0,Lunes,False,,17
2020-04-07,2020,4,1,Martes,False,,21
2020-04-08,2020,4,2,Miércoles,False,,7
2020-04-09,2020,4,3,Jueves,True,Jueves Santo,8
2020-04-10,2020,4,4,Viernes,True,Viernes Santo,4
2020-04-11,2020,4,5,Sábado,False,,4
2020-04-12,2020,4,6,Domingo,False,,6
2020-04-13,2020,4,0,Lunes,False,,6
2020-04-14,2020,4,1,Martes,False,,11
2020-04-15,2020,4,2,Miércoles,False,,12
2020-04-16,2020,4,3,Jueves,False,,14
2020-04-17,2020,4,4,Viernes,False,,13
2020-04-18,2020,4,5,Sábado,False,,15
2020-04-19,2020,4,6,Domingo,False,,14
2020-04-20,2020,4,0,Lunes,False,,15
2020-04-21,2020,4,1,Martes,False,,7
2020-04-22,2020,4,2,Miércoles,False,,11
2020-04-23,2020,4,3,Jueves,False,,10
2020-04-24,2020,4,4,Viernes,False,,15
2020-04-25,2020,4,5,Sábado,False,,15
2020-04-26,2020,4,6,Domingo,False,,6
2020-04-27,2020,4,0,Lunes,False,,17
2020-04-28,2020,4,1,Martes,False,,11
2020-04-29,2020,4,2,Miércoles,False,,12
2020-04-30,2020,4,3,Jueves,False,,14
2020-05-01,2020,5,4,Viernes,True,Día del Trabajo,7
2020-05-02,2020,5,5,Sábado,False,,10
2020-05-03,2020,5,6,Domingo,False,,8
2020-05-04,2020,5,0,Lunes,False,,25
2020-05-05,2020,5,1,Martes,False,,11
2020-05-06,2020,5,2,Miércoles,False,,14
2020-05-07,2020,5,3,Jueves,False,,21
2020-05-08,2020,5,4,Viernes,False,,19
2020-05-09,2020,5,5,Sábado,False,,20
2020-05-10,2020,5,6,Domingo,False,,8
2020-05-11,2020,5,0,Lunes,False,,23
2020-05-12,2020,5,1,Martes,False,,16
2020-05-13,2020,5,2,Miércoles,False,,21
2020-05-14,2020,5,3,Jueves,False,,17
2020-05-15,2020,5,4,Viernes,False,,21
2020-05-16,2020,5,5,Sábado,False,,20
2020-05-17,2020,5,6,Domingo,False,,19
2020-05-18,2020,5,0,Lunes,False,,14
2020-05-19,2020,5,1,Martes,False,,9
2020-05-20,2020,5,2,Miércoles,False,,30
2020-05-21,2020,5,3,Jueves,False,,15
2020-05-22,2020,5,4,Viernes,False,,27
2020-05-23,2020,5,5,Sábado,False,,17
2020-05-24,2020,5,6,Domingo,False,,10
2020-05-25,2020,5,0,Lunes,True,Ascensión del señor (observado),16
2020-05-26,2020,5,1,Martes,False,,22
2020-05-27,2020,5,2,Miércoles,False,,19
2020-05-28,2020,5,3,Jueves,False,,11
2020-05-29,2020,5,4,Viernes,False,,19
2020-05-30,2020,5,5,Sábado,False,,23
2020-05-31,2020,5,6,Domingo,False,,17
2020-06-01,2020,6,0,Lunes,False,,16
2020-06-02,2020,6,1,Martes,False,,18
2020-06-03,2020,6,2,Miércoles,False,,19
2020-06-04,2020,6,3,Jueves,False,,23
2020-06-05,2020,6,4,Viernes,False,,25
2020-06-06,2020,6,5,Sábado,False,,38
2020-06-07,2020,6,6,Domingo,False,,15
2020-06-08,2020,6,0,Lunes,False,,17
2020-06-09,2020,6,1,Martes,False,,16
2020-06-10,2020,6,2,Miércoles,False,,21
2020-06-11,2020,6,3,Jueves,False,,20
2020-06-12,2020,6,4,Viernes,False,,22
2020-06-13,2020,6,5,Sábado,False,,26
2020-06-14,2020,6,6,Domingo,False,,15
2020-06-15,2020,6,0,Lunes,True,Corpus Christi (observado),12
2020-06-16,2020,6,1,Martes,False,,31
2020-06-17,2020,6,2,Miércoles,False,,16
2020-06-18,2020,6,3,Jueves,False,,19
2020-06-19,2020,6,4,Viernes,False,,20
2020-06-20,2020,6,5,Sábado,False,,26
2020-06-21,2020,6,6,Domingo,False,,16
2020-06-22,2020,6,0,Lunes,True,Sagrado Corazón (observado),18
2020-06-23,2020,6,1,Martes,False,,23
2020-06-24,2020,6,2,Miércoles,False,,27
2020-06-25,2020,6,3,Jueves,False,,24
2020-06-26,2020,6,4,Viernes,False,,25
2020-06-27,2020,6,5,Sábado,False,,25
2020-06-28,2020,6,6,Domingo,False,,20
2020-06-29,2020,6,0,Lunes,True,San Pedro y San Pablo,17
2020-06-30,2020,6,1,Martes,False,,23
2020-07-01,2020,7,2,Miércoles,False,,23
2020-07-02,2020,7,3,Jueves,False,,29
2020-07-03,2020,7,4,Viernes,False,,23
2020-07-04,2020,7,5,Sábado,False,,22
2020-07-05,2020,7,6,Domingo,False,,18
2020-07-06,2020,7,0,Lunes,False,,20
2020-07-07,2020,7,1,Martes,False,,31
2020-07-08,2020,7,2,Miércoles,False,,21
2020-07-09,2020,7,3,Jueves,False,,27
2020-07-10,2020,7,4,Viernes,False,,25
2020-07-11,2020,7,5,Sábado,False,,19
2020-07-12,2020,7,6,Domingo,False,,15
2020-07-13,2020,7,0,Lunes,False,,20
2020-07-14,2020,7,1,Martes,False,,15
2020-07-15,2020,7,2,Miércoles,False,,24
2020-07-16,2020,7,3,Jueves,False,,20
2020-07-17,2020,7,4,Viernes,False,,25
2020-07-18,2020,7,5,Sábado,False,,28
2020-07-19,2020,7,6,Domingo,False,,10
2020-07-20,2020,7,0,Lunes,True,Día de la Independencia,12
2020-07-21,2020,7,1,Martes,False,,17
2020-07-22,2020,7,2,Miércoles,False,,28
2020-07-23,2020,7,3,Jueves,False,,14
2020-07-24,2020,7,4,Viernes,False,,16
2020-07-25,2020,7,5,Sábado,False,,14
2020-07-26,2020,7,6,Domingo,False,,11
2020-07-27,2020,7,0,Lunes,False,,27
2020-07-28,2020,7,1,Martes,False,,24
2020-07-29,2020,7,2,Miércoles,False,,30
2020-07-30,2020,7,3,Jueves,False,,23
2020-07-31,2020,7,4,Viernes,False,,26
2020-08-01,2020,8,5,Sábado,False,,19
2020-08-02,2020,8,6,Domingo,False,,21
2020-08-03,2020,8,0,Lunes,False,,19
2020-08-04,2020,8,1,Martes,False,,26
2020-08-05,2020,8,2,Miércoles,False,,26
2020-08-06,2020,8,3,Jueves,False,,12
2020-08-07,2020,8,4,Viernes,True,Batalla de Boyacá,18
2020-08-08,2020,8,5,Sábado,False,,21
2020-08-09,2020,8,6,Domingo,False,,25
2020-08-10,2020,8,0,Lunes,False,,38
2020-08-11,2020,8,1,Martes,False,,24
2020-08-12,2020,8,2,Miércoles,False,,18
2020-08-13,2020,8,3,Jueves,False,,18
2020-08-14,2020,8,4,Viernes,False,,28
2020-08-15,2020,8,5,Sábado,False,,30
2020-08-16,2020,8,6,Domingo,False,,12
2020-08-17,2020,8,0,Lunes,True,La Asunción (observado),10
2020-08-18,2020,8,1,Martes,False,,15
2020-08-19,2020,8,2,Miércoles,False,,35
2020-08-20,2020,8,3,Jueves,False,,17
2020-08-21,2020,8,4,Viernes,False,,27
2020-08-22,2020,8,5,Sábado,False,,21
2020-08-23,2020,8,6,Domingo,False,,12
2020-08-24,2020,8,0,Lunes,False,,30
2020-08-25,2020,8,1,Martes,False,,27
2020-08-26,2020,8,2,Miércoles,False,,26
2020-08-27,2020,8,3,Jueves,False,,24
2020-08-28,2020,8,4,Viernes,False,,34
2020-08-29,2020,8,5,Sábado,False,,30
2020-08-30,2020,8,6,Domingo,False,,18
2020-08-31,2020,8,0,Lunes,False,,25
2020-09-01,2020,9,1,Martes,False,,23
2020-09-02,2020,9,2,Miércoles,False,,16
2020-09-03,2020,9,3,Jueves,False,,33
2020-09-04,2020,9,4,Viernes,False,,39
2020-09-05,2020,9,5,Sábado,False,,30
2020-09-06,2020,9,6,Domingo,False,,17
2020-09-07,2020,9,0,Lunes,False,,22
2020-09-08,2020,9,1,Martes,False,,32
2020-09-09,2020,9,2,Miércoles,False,,24
2020-09-10,2020,9,3,Jueves,False,,24
2020-09-11,2020,9,4,Viernes,False,,19
2020-09-12,2020,9,5,Sábado,False,,36
2020-09-13,2020,9,6,Domingo,False,,21
2020-09-14,2020,9,0,Lunes,False,,24
2020-09-15,2020,9,1,Martes,False,,29
2020-09-16,2020,9,2,Miércoles,False,,31
2020-09-17,2020,9,3,Jueves,False,,21
2020-09-18,2020,9,4,Viernes,False,,32
2020-09-19,2020,9,5,Sábado,False,,34
2020-09-20,2020,9,6,Domingo,False,,25
2020-09-21,2020,9,0,Lunes,False,,24
2020-09-22,2020,9,1,Martes,False,,43
2020-09-23,2020,9,2,Miércoles,False,,28
2020-09-24,2020,9,3,Jueves,False,,25
2020-09-25,2020,9,4,Viernes,False,,25
2020-09-26,2020,9,5,Sábado,False,,43
2020-09-27,2020,9,6,Domingo,False,,18
2020-09-28,2020,9,0,Lunes,False,,26
2020-09-29,2020,9,1,Martes,False,,24
2020-09-30,2020,9,2,Miércoles,False,,30
2020-10-01,2020,10,3,Jueves,False,,34
2020-10-02,2020,10,4,Viernes,False,,29
2020-10-03,2020,10,5,Sábado,False,,40
2020-10-04,2020,10,6,Domingo,False,,35
2020-10-05,2020,10,0,Lunes,False,,31
2020-10-06,2020,10,1,Martes,False,,32
2020-10-07,2020,10,2,Miércoles,False,,26
2020-10-08,2020,10,3,Jueves,False,,28
2020-10-09,2020,10,4,Viernes,False,,40
2020-10-10,2020,10,5,Sábado,False,,36
2020-10-11,2020,10,6,Domingo,False,,29
2020-10-12,2020,10,0,Lunes,True,Día de la Raza,14
2020-10-13,2020,10,1,Martes,False,,22
2020-10-14,2020,10,2,Miércoles,False,,33
2020-10-15,2020,10,3,Jueves,False,,28
2020-10-16,2020,10,4,Viernes,False,,29
2020-10-17,2020,10,5,Sábado,False,,25
2020-10-18,2020,10,6,Domingo,False,,32
2020-10-19,2020,10,0,Lunes,False,,28
2020-10-20,2020,10,1,Martes,False,,35
2020-10-21,2020,10,2,Miércoles,False,,33
2020-10-22,2020,10,3,Jueves,False,,33
2020-10-23,2020,10,4,Viernes,False,,33
2020-10-24,2020,10,5,Sábado,False,,36
2020-10-25,2020,10,6,Domingo,False,,32
2020-10-26,2020,10,0,Lunes,False,,24
2020-10-27,2020,10,1,Martes,False,,35
2020-10-28,2020,10,2,Miércoles,False,,26
2020-10-29,2020,10,3,Jueves,False,,34
2020-10-30,2020,10,4,Viernes,False,,31
2020-10-31,2020,10,5,Sábado,False,,42
2020-11-01,2020,11,6,Domingo,False,,21
2020-11-02,2020,11,0,Lunes,True,Día de Todos los Santos (observado),17
2020-11-03,2020,11,1,Martes,False,,42
2020-11-04,2020,11,2,Miércoles,False,,30
2020-11-05,2020,11,3,Jueves,False,,27
2020-11-06,2020,11,4,Viernes,False,,31
2020-11-07,2020,11,5,Sábado,False,,40
2020-11-08,2020,11,6,Domingo,False,,28
2020-11-09,2020,11,0,Lunes,False,,24
2020-11-10,2020,11,1,Martes,False,,28
2020-11-11,2020,11,2,Miércoles,False,,30
2020-11-12,2020,11,3,Jueves,False,,31
2020-11-13,2020,11,4,Viernes,False,,40
2020-11-14,2020,11,5,Sábado,False,,26
2020-11-15,2020,11,6,Domingo,False,,22
2020-11-16,2020,11,0,Lunes,True,Independencia de Cartagena (observado),16
2020-11-17,2020,11,1,Martes,False,,33
2020-11-18,2020,11,2,Miércoles,False,,26
2020-11-19,2020,11,3,Jueves,False,,31
2020-11-20,2020,11,4,Viernes,False,,40
2020-11-21,2020,11,5,Sábado,False,,23
2020-11-22,2020,11,6,Domingo,False,,31
2020-11-23,2020,11,0,Lunes,False,,33
2020-11-24,2020,11,1,Martes,False,,31
2020-11-25,2020,11,2,Miércoles,False,,31
2020-11-26,2020,11,3,Jueves,False,,29
2020-11-27,2020,11,4,Viernes,False,,31
2020-11-28,2020,11,5,Sábado,False,,37
2020-11-29,2020,11,6,Domingo,False,,37
2020-11-30,2020,11,0,Lunes,False,,32
2020-12-01,2020,12,1,Martes,False,,35
2020-12-02,2020,12,2,Miércoles,False,,27
2020-12-03,2020,12,3,Jueves,False,,22
2020-12-04,2020,12,4,Viernes,False,,39
2020-12-05,2020,12,5,Sábado,False,,37
2020-12-06,2020,12,6,Domingo,False,,32
2020-12-07,2020,12,0,Lunes,False,,47
2020-12-08,2020,12,1,Martes,True,La Inmaculada Concepción,23
2020-12-09,2020,12,2,Miércoles,False,,23
2020-12-10,2020,12,3,Jueves,False,,29
2020-12-11,2020,12,4,Viernes,False,,31
2020-12-12,2020,12,5,Sábado,False,,35
2020-12-13,2020,12,6,Domingo,False,,33
2020-12-14,2020,12,0,Lunes,False,,33
2020-12-15,2020,12,1,Martes,False,,32
2020-12-16,2020,12,2,Miércoles,False,,29
2020-12-17,2020,12,3,Jueves,False,,24
2020-12-18,2020,12,4,Viernes,False,,35
2020-12-19,2020,12,5,Sábado,False,,31
2020-12-20,2020,12,6,Domingo,False,,22
2020-12-21,2020,12,0,Lunes,False,,25
2020-12-22,2020,12,1,Martes,False,,34
2020-12-23,2020,12,2,Miércoles,False,,26
2020-12-24,2020,12,3,Jueves,False,,39
2020-12-25,2020,12,4,Viernes,True,Navidad,10
2020-12-26,2020,12,5,Sábado,False,,23
2020-12-27,2020,12,6,Domingo,False,,14
2020-12-28,2020,12,0,Lunes,False,,24
2020-12-29,2020,12,1,Martes,False,,27
2020-12-30,2020,12,2,Miércoles,False,,23
2020-12-31,2020,12,3,Jueves,False,,24
2021-01-01,2021,1,4,Viernes,True,Año Nuevo,9
2021-01-02,2021,1,5,Sábado,False,,16
2021-01-03,2021,1,6,Domingo,False,,13
2021-01-04,2021,1,0,Lunes,False,,28
2021-01-05,2021,1,1,Martes,False,,19
2021-01-06,2021,1,2,Miércoles,False,,15
2021-01-07,2021,1,3,Jueves,False,,11
2021-01-08,2021,1,4,Viernes,False,,8
2021-01-09,2021,1,5,Sábado,False,,14
2021-01-10,2021,1,6,Domingo,False,,9
2021-01-11,2021,1,0,Lunes,True,Día de los Reyes Magos (observado),9
2021-01-12,2021,1,1,Martes,False,,27
2021-01-13,2021,1,2,Miércoles,False,,24
2021-01-14,2021,1,3,Jueves,False,,20
2021-01-15,2021,1,4,Viernes,False,,18
2021-01-16,2021,1,5,Sábado,False,,25
2021-01-17,2021,1,6,Domingo,False,,10
2021-01-18,2021,1,0,Lunes,False,,18
2021-01-19,2021,1,1,Martes,False,,22
2021-01-20,2021,1,2,Miércoles,False,,26
2021-01-21,2021,1,3,Jueves,False,,27
2021-01-22,2021,1,4,Viernes,False,,26
2021-01-23,2021,1,5,Sábado,False,,17
2021-01-24,2021,1,6,Domingo,False,,10
2021-01-25,2021,1,0,Lunes,False,,33
2021-01-26,2021,1,1,Martes,False,,23
2021-01-27,2021,1,2,Miércoles,False,,28
2021-01-28,2021,1,3,Jueves,False,,25
2021-01-29,2021,1,4,Viernes,False,,30
2021-01-30,2021,1,5,Sábado,False,,38
2021-01-31,2021,1,6,Domingo,False,,17
2021-02-01,2021,2,0,Lunes,False,,20
2021-02-02,2021,2,1,Martes,False,,37
2021-02-03,2021,2,2,Miércoles,False,,26
2021-02-04,2021,2,3,Jueves,False,,32
2021-02-05,2021,2,4,Viernes,False,,33
2021-02-06,2021,2,5,Sábado,False,,40
2021-02-07,2021,2,6,Domingo,False,,29
2021-02-08,2021,2,0,Lunes,False,,30
2021-02-09,2021,2,1,Martes,False,,32
2021-02-10,2021,2,2,Miércoles,False,,24
2021-02-11,2021,2,3,Jueves,False,,30
2021-02-12,2021,2,4,Viernes,False,,34
2021-02-13,2021,2,5,Sábado,False,,44
2021-02-14,2021,2,6,Domingo,False,,23
2021-02-15,2021,2,0,Lunes,False,,29
2021-02-16,2021,2,1,Martes,False,,26
2021-02-17,2021,2,2,Miércoles,False,,27
2021-02-18,2021,2,3,Jueves,False,,26
2021-02-19,2021,2,4,Viernes,False,,30
2021-02-20,2021,2,5,Sábado,False,,38
2021-02-21,2021,2,6,Domingo,False,,18
2021-02-22,2021,2,0,Lunes,False,,39
2021-02-23,2021,2,1,Martes,False,,32
2021-02-24,2021,2,2,Miércoles,False,,37
2021-02-25,2021,2,3,Jueves,False,,35
2021-02-26,2021,2,4,Viernes,False,,36
2021-02-27,2021,2,5,Sábado,False,,36
2021-02-28,2021,2,6,Domingo,False,,25
2021-03-01,2021,3,0,Lunes,False,,45
2021-03-02,2021,3,1,Martes,False,,28
2021-03-03,2021,3,2,Miércoles,False,,27
2021-03-04,2021,3,3,Jueves,False,,34
2021-03-05,2021,3,4,Viernes,False,,45
2021-03-06,2021,3,5,Sábado,False,,52
2021-03-07,2021,3,6,Domingo,False,,30
2021-03-08,2021,3,0,Lunes,False,,29
2021-03-09,2021,3,1,Martes,False,,35
2021-03-10,2021,3,2,Miércoles,False,,33
2021-03-11,2021,3,3,Jueves,False,,31
2021-03-12,2021,3,4,Viernes,False,,38
2021-03-13,2021,3,5,Sábado,False,,38
2021-03-14,2021,3,6,Domingo,False,,28
2021-03-15,2021,3,0,Lunes,False,,38
2021-03-16,2021,3,1,Martes,False,,24
2021-03-17,2021,3,2,Miércoles,False,,35
2021-03-18,2021,3,3,Jueves,False,,27
2021-03-19,2021,3,4,Viernes,False,,37
2021-03-20,2021,3,5,Sábado,False,,40
2021-03-21,2021,3,6,Domingo,False,,25
2021-03-22,2021,3,0,Lunes,True,Día de San José (observado),24
2021-03-23,2021,3,1,Martes,False,,38
2021-03-24,2021,3,2,Miércoles,False,,25
2021-03-25,2021,3,3,Jueves,False,,35
2021-03-26,2021,3,4,Viernes,False,,41
2021-03-27,2021,3,5,Sábado,False,,26
2021-03-28,2021,3,6,Domingo,False,,32
2021-03-29,2021,3,0,Lunes,False,,29
2021-03-30,2021,3,1,Martes,False,,26
2021-03-31,2021,3,2,Miércoles,False,,24
2021-04-01,2021,4,3,Jueves,True,Jueves Santo,19
2021-04-02,2021,4,4,Viernes,True,Viernes Santo,12
2021-04-03,2021,4,5,Sábado,False,,19
2021-04-04,2021,4,6,Domingo,False,,15
2021-04-05,2021,4,0,Lunes,False,,33
2021-04-06,2021,4,1,Martes,False,,22
2021-04-07,2021,4,2,Miércoles,False,,31
2021-04-08,2021,4,3,Jueves,False,,34
2021-04-09,2021,4,4,Viernes,False,,38
2021-04-10,2021,4,5,Sábado,False,,18
2021-04-11,2021,4,6,Domingo,False,,9
2021-04-12,2021,4,0,Lunes,False,,14
2021-04-13,2021,4,1,Martes,False,,33
2021-04-14,2021,4,2,Miércoles,False,,37
2021-04-15,2021,4,3,Jueves,False,,35
2021-04-16,2021,4,4,Viernes,False,,24
2021-04-17,2021,4,5,Sábado,False,,21
2021-04-18,2021,4,6,Domingo,False,,24
2021-04-19,2021,4,0,Lunes,False,,34
2021-04-20,2021,4,1,Martes,False,,37
2021-04-21,2021,4,2,Miércoles,False,,35
2021-04-22,2021,4,3,Jueves,False,,36
2021-04-23,2021,4,4,Viernes,False,,23
2021-04-24,2021,4,5,Sábado,False,,25
2021-04-25,2021,4,6,Domingo,False,,21
2021-04-26,2021,4,0,Lunes,False,,30
2021-04-27,2021,4,1,Martes,False,,27
2021-04-28,2021,4,2,Miércoles,False,,25
2021-04-29,2021,4,3,Jueves,False,,28
2021-04-30,2021,4,4,Viernes,False,,28
2021-05-01,2021,5,5,Sábado,True,Día del Trabajo,23
2021-05-02,2021,5,6,Domingo,False,,12
2021-05-03,2021,5,0,Lunes,False,,32
2021-05-04,2021,5,1,Martes,False,,26
2021-05-05,2021,5,2,Miércoles,False,,20
2021-05-06,2021,5,3,Jueves,False,,30
2021-05-07,2021,5,4,Viernes,False,,26
2021-05-08,2021,5,5,Sábado,False,,33
2021-05-09,2021,5,6,Domingo,False,,26
2021-05-10,2021,5,0,Lunes,False,,38
2021-05-11,2021,5,1,Martes,False,,31
2021-05-12,2021,5,2,Miércoles,False,,22
2021-05-13,2021,5,3,Jueves,False,,29
2021-05-14,2021,5,4,Viernes,False,,36
2021-05-15,2021,5,5,Sábado,False,,25
2021-05-16,2021,5,6,Domingo,False,,19
2021-05-17,2021,5,0,Lunes,True,Ascensión del señor (observado),20
2021-05-18,2021,5,1,Martes,False,,28
2021-05-19,2021,5,2,Miércoles,False,,33
2021-05-20,2021,5,3,Jueves,False,,36
2021-05-21,2021,5,4,Viernes,False,,43
2021-05-22,2021,5,5,Sábado,False,,28
2021-05-23,2021,5,6,Domingo,False,,12
2021-05-24,2021,5,0,Lunes,False,,30
2021-05-25,2021,5,1,Martes,False,,28
2021-05-26,2021,5,2,Miércoles,False,,28
2021-05-27,2021,5,3,Jueves,False,,34
2021-05-28,2021,5,4,Viernes,False,,31
2021-05-29,2021,5,5,Sábado,False,,27
2021-05-30,2021,5,6,Domingo,False,,28
2021-05-31,2021,5,0,Lunes,False,,35
2021-06-01,2021,6,1,Martes,False,,17
2021-06-02,2021,6,2,Miércoles,False,,30
2021-06-03,2021,6,3,Jueves,False,,29
2021-06-04,2021,6,4,Viernes,False,,26
2021-06-05,2021,6,5,Sábado,False,,39
2021-06-06,2021,6,6,Domingo,False,,39
2021-06-07,2021,6,0,Lunes,True,Corpus Christi (observado),25
2021-06-08,2021,6,1,Martes,False,,40
2021-06-09,2021,6,2,Miércoles,False,,31
2021-06-10,2021,6,3,Jueves,False,,35
2021-06-11,2021,6,4,Viernes,False,,27
2021-06-12,2021,6,5,Sábado,False,,34
2021-06-13,2021,6,6,Domingo,False,,32
2021-06-14,2021,6,0,Lunes,True,Sagrado Corazón (observado),21
2021-06-15,2021,6,1,Martes,False,,32
2021-06-16,2021,6,2,Miércoles,False,,32
2021-06-17,2021,6,3,Jueves,False,,40
2021-06-18,2021,6,4,Viernes,False,,35
2021-06-19,2021,6,5,Sábado,False,,38
2021-06-20,2021,6,6,Domingo,False,,26
2021-06-21,2021,6,0,Lunes,False,,30
2021-06-22,2021,6,1,Martes,False,,30
2021-06-23,2021,6,2,Miércoles,False,,32
2021-06-24,2021,6,3,Jueves,False,,28
2021-06-25,2021,6,4,Viernes,False,,36
2021-06-26,2021,6,5,Sábado,False,,38
2021-06-27,2021,6,6,Domingo,False,,22
2021-06-28,2021,6,0,Lunes,False,,24
2021-06-29,2021,6,1,Martes,False,,25
2021-06-30,2021,6,2,Miércoles,False,,29
2021-07-01,2021,7,3,Jueves,False,,41
2021-07-02,2021,7,4,Viernes,False,,30
2021-07-03,2021,7,5,Sábado,False,,38
2021-07-04,2021,7,6,Domingo,False,,24
2021-07-05,2021,7,0,Lunes,True,San Pedro y San Pablo (observado),25
2021-07-06,2021,7,1,Martes,False,,34
2021-07-07,2021,7,2,Miércoles,False,,43
2021-07-08,2021,7,3,Jueves,False,,28
2021-07-09,2021,7,4,Viernes,False,,27
2021-07-10,2021,7,5,Sábado,False,,37
2021-07-11,2021,7,6,Domingo,False,,25
2021-07-12,2021,7,0,Lunes,False,,24
2021-07-13,2021,7,1,Martes,False,,37
2021-07-14,2021,7,2,Miércoles,False,,33
2021-07-15,2021,7,3,Jueves,False,,34
2021-07-16,2021,7,4,Viernes,False,,37
2021-07-17,2021,7,5,Sábado,False,,47
2021-07-18,2021,7,6,Domingo,False,,20
2021-07-19,2021,7,0,Lunes,False,,39
2021-07-20,2021,7,1,Martes,True,Día de la Independencia,19
2021-07-21,2021,7,2,Miércoles,False,,38
2021-07-22,2021,7,3,Jueves,False,,28
2021-07-23,2021,7,4,Viernes,False,,16
2021-07-24,2021,7,5,Sábado,False,,26
2021-07-25,2021,7,6,Domingo,False,,24
2021-07-26,2021,7,0,Lunes,False,,28
2021-07-27,2021,7,1,Martes,False,,24
2021-07-28,2021,7,2,Miércoles,False,,27
2021-07-29,2021,7,3,Jueves,False,,35
2021-07-30,2021,7,4,Viernes,False,,40
2021-07-31,2021,7,5,Sábado,False,,33
2021-08-01,2021,8,6,Domingo,False,,21
2021-08-02,2021,8,0,Lunes,False,,30
2021-08-03,2021,8,1,Martes,False,,37
2021-08-04,2021,8,2,Miércoles,False,,35
2021-08-05,2021,8,3,Jueves,False,,30
2021-08-06,2021,8,4,Viernes,False,,39
2021-08-07,2021,8,5,Sábado,True,Batalla de Boyacá,29
2021-08-08,2021,8,6,Domingo,False,,26
2021-08-09,2021,8,0,Lunes,False,,29
2021-08-10,2021,8,1,Martes,False,,29
2021-08-11,2021,8,2,Miércoles,False,,27
2021-08-12,2021,8,3,Jueves,False,,31
2021-08-13,2021,8,4,Viernes,False,,28
2021-08-14,2021,8,5,Sábado,False,,34
2021-08-15,2021,8,6,Domingo,False,,39
2021-08-16,2021,8,0,Lunes,True,La Asunción (observado),23
2021-08-17,2021,8,1,Martes,False,,39
2021-08-18,2021,8,2,Miércoles,False,,36
2021-08-19,2021,8,3,Jueves,False,,26
2021-08-20,2021,8,4,Viernes,False,,38
2021-08-21,2021,8,5,Sábado,False,,28
2021-08-22,2021,8,6,Domingo,False,,31
2021-08-23,2021,8,0,Lunes,False,,34
2021-08-24,2021,8,1,Martes,False,,27
2021-08-25,2021,8,2,Miércoles,False,,37
2021-08-26,2021,8,3,Jueves,False,,29
2021-08-27,2021,8,4,Viernes,False,,28
2021-08-28,2021,8,5,Sábado,False,,44
2021-08-29,2021,8,6,Domingo,False,,21
2021-08-30,2021,8,0,Lunes,False,,43
2021-08-31,2021,8,1,Martes,False,,47
2021-09-01,2021,9,2,Miércoles,False,,39
2021-09-02,2021,9,3,Jueves,False,,39
2021-09-03,2021,9,4,Viernes,False,,44
2021-09-04,2021,9,5,Sábado,False,,37
2021-09-05,2021,9,6,Domingo,False,,23
2021-09-06,2021,9,0,Lunes,False,,37
2021-09-07,2021,9,1,Martes,False,,35
2021-09-08,2021,9,2,Miércoles,False,,46
2021-09-09,2021,9,3,Jueves,False,,35
2021-09-10,2021,9,4,Viernes,False,,53
2021-09-11,2021,9,5,Sábado,False,,29
2021-09-12,2021,9,6,Domingo,False,,28
2021-09-13,2021,9,0,Lunes,False,,34
2021-09-14,2021,9,1,Martes,False,,39
2021-09-15,2021,9,2,Miércoles,False,,46
2021-09-16,2021,9,3,Jueves,False,,30
2021-09-17,2021,9,4,Viernes,False,,46
2021-09-18,2021,9,5,Sábado,False,,46
2021-09-19,2021,9,6,Domingo,False,,24
2021-09-20,2021,9,0,Lunes,False,,30
2021-09-21,2021,9,1,Martes,False,,31
2021-09-22,2021,9,2,Miércoles,False,,35
2021-09-23,2021,9,3,Jueves,False,,38
2021-09-24,2021,9,4,Viernes,False,,50
2021-09-25,2021,9,5,Sábado,False,,35
2021-09-26,2021,9,6,Domingo,False,,27
2021-09-27,2021,9,0,Lunes,False,,42
2021-09-28,2021,9,1,Martes,False,,38
2021-09-29,2021,9,2,Miércoles,False,,33
2021-09-30,2021,9,3,Jueves,False,,37
2021-10-01,2021,10,4,Viernes,False,,46
2021-10-02,2021,10,5,Sábado,False,,49
2021-10-03,2021,10,6,Domingo,False,,30
2021-10-04,2021,10,0,Lunes,False,,35
2021-10-05,2021,10,1,Martes,False,,40
2021-10-06,2021,10,2,Miércoles,False,,42
2021-10-07,2021,10,3,Jueves,False,,46
2021-10-08,2021,10,4,Viernes,False,,38
2021-10-09,2021,10,5,Sábado,False,,50
2021-10-10,2021,10,6,Domingo,False,,30
2021-10-11,2021,10,0,Lunes,False,,31
2021-10-12,2021,10,1,Martes,False,,55
2021-10-13,2021,10,2,Miércoles,False,,35
2021-10-14,2021,10,3,Jueves,False,,34
2021-10-15,2021,10,4,Viernes,False,,41
2021-10-16,2021,10,5,Sábado,False,,46
2021-10-17,2021,10,6,Domingo,False,,30
2021-10-18,2021,10,0,Lunes,True,Día de la Raza (observado),13
2021-10-19,2021,10,1,Martes,False,,35
2021-10-20,2021,10,2,Miércoles,False,,31
2021-10-21,2021,10,3,Jueves,False,,28
2021-10-22,2021,10,4,Viernes,False,,31
2021-10-23,2021,10,5,Sábado,False,,41
2021-10-24,2021,10,6,Domingo,False,,26
2021-10-25,2021,10,0,Lunes,False,,30
2021-10-26,2021,10,1,Martes,False,,42
2021-10-27,2021,10,2,Miércoles,False,,34
2021-10-28,2021,10,3,Jueves,False,,37
2021-10-29,2021,10,4,Viernes,False,,46
2021-10-30,2021,10,5,Sábado,False,,34
2021-10-31,2021,10,6,Domingo,False,,28
2021-11-01,2021,11,0,Lunes,True,Día de Todos los Santos,21
2021-11-02,2021,11,1,Martes,False,,36
2021-11-03,2021,11,2,Miércoles,False,,43
2021-11-04,2021,11,3,Jueves,False,,39
2021-11-05,2021,11,4,Viernes,False,,35
2021-11-06,2021,11,5,Sábado,False,,49
2021-11-07,2021,11,6,Domingo,False,,31
2021-11-08,2021,11,0,Lunes,False,,26
2021-11-09,2021,11,1,Martes,False,,32
2021-11-10,2021,11,2,Miércoles,False,,36
2021-11-11,2021,11,3,Jueves,False,,45
2021-11-12,2021,11,4,Viernes,False,,50
2021-11-13,2021,11,5,Sábado,False,,50
2021-11-14,2021,11,6,Domingo,False,,34
2021-11-15,2021,11,0,Lunes,True,Independencia de Cartagena (observado),25
2021-11-16,2021,11,1,Martes,False,,42
2021-11-17,2021,11,2,Miércoles,False,,55
2021-11-18,2021,11,3,Jueves,False,,40
2021-11-19,2021,11,4,Viernes,False,,40
2021-11-20,2021,11,5,Sábado,False,,39
2021-11-21,2021,11,6,Domingo,False,,30
2021-11-22,2021,11,0,Lunes,False,,32
2021-11-23,2021,11,1,Martes,False,,38
2021-11-24,2021,11,2,Miércoles,False,,29
2021-11-25,2021,11,3,Jueves,False,,31
2021-11-26,2021,11,4,Viernes,False,,39
2021-11-27,2021,11,5,Sábado,False,,34
2021-11-28,2021,11,6,Domingo,False,,34
2021-11-29,2021,11,0,Lunes,False,,32
2021-11-30,2021,11,1,Martes,False,,39
2021-12-01,2021,12,2,Miércoles,False,,36
2021-12-02,2021,12,3,Jueves,False,,35
2021-12-03,2021,12,4,Viernes,False,,39
2021-12-04,2021,12,5,Sábado,False,,42
2021-12-05,2021,12,6,Domingo,False,,34
2021-12-06,2021,12,0,Lunes,False,,40
2021-12-07,2021,12,1,Martes,False,,56
2021-12-08,2021,12,2,Miércoles,True,La Inmaculada Concepción,27
2021-12-09,2021,12,3,Jueves,False,,43
2021-12-10,2021,12,4,Viernes,False,,40
2021-12-11,2021,12,5,Sábado,False,,24
2021-12-12,2021,12,6,Domingo,False,,37
2021-12-13,2021,12,0,Lunes,False,,36
2021-12-14,2021,12,1,Martes,False,,40
2021-12-15,2021,12,2,Miércoles,False,,37
2021-12-16,2021,12,3,Jueves,False,,37
2021-12-17,2021,12,4,Viernes,False,,39
2021-12-18,2021,12,5,Sábado,False,,49
2021-12-19,2021,12,6,Domingo,False,,25
2021-12-20,2021,12,0,Lunes,False,,27
2021-12-21,2021,12,1,Martes,False,,38
2021-12-22,2021,12,2,Miércoles,False,,42
2021-12-23,2021,12,3,Jueves,False,,40
2021-12-24,2021,12,4,Viernes,False,,34
2021-12-25,2021,12,5,Sábado,True,Navidad,29
2021-12-26,2021,12,6,Domingo,False,,20
2021-12-27,2021,12,0,Lunes,False,,29
2021-12-28,2021,12,1,Martes,False,,25
2021-12-29,2021,12,2,Miércoles,False,,26
2021-12-30,2021,12,3,Jueves,False,,32
2021-12-31,2021,12,4,Viernes,False,,28
2022-01-01,2022,1,5,Sábado,True,Año Nuevo,22
2022-01-02,2022,1,6,Domingo,False,,14
2022-01-03,2022,1,0,Lunes,False,,20
2022-01-04,2022,1,1,Martes,False,,34
2022-01-05,2022,1,2,Miércoles,False,,17
2022-01-06,2022,1,3,Jueves,False,,13
2022-01-07,2022,1,4,Viernes,False,,23
2022-01-08,2022,1,5,Sábado,False,,23
2022-01-09,2022,1,6,Domingo,False,,25
2022-01-10,2022,1,0,Lunes,True,Día de los Reyes Magos (observado),19
2022-01-11,2022,1,1,Martes,False,,26
2022-01-12,2022,1,2,Miércoles,False,,29
2022-01-13,2022,1,3,Jueves,False,,34
2022-01-14,2022,1,4,Viernes,False,,23
2022-01-15,2022,1,5,Sábado,False,,33
2022-01-16,2022,1,6,Domingo,False,,25
2022-01-17,2022,1,0,Lunes,False,,35
2022-01-18,2022,1,1,Martes,False,,32
2022-01-19,2022,1,2,Miércoles,False,,40
2022-01-20,2022,1,3,Jueves,False,,33
2022-01-21,2022,1,4,Viernes,False,,32
2022-01-22,2022,1,5,Sábado,False,,41
2022-01-23,2022,1,6,Domingo,False,,32
2022-01-24,2022,1,0,Lunes,False,,21
2022-01-25,2022,1,1,Martes,False,,28
2022-01-26,2022,1,2,Miércoles,False,,44
2022-01-27,2022,1,3,Jueves,False,,36
2022-01-28,2022,1,4,Viernes,False,,35
2022-01-29,2022,1,5,Sábado,False,,43
2022-01-30,2022,1,6,Domingo,False,,29
2022-01-31,2022,1,0,Lunes,False,,43
2022-02-01,2022,2,1,Martes,False,,32
2022-02-02,2022,2,2,Miércoles,False,,37
2022-02-03,2022,2,3,Jueves,False,,42
2022-02-04,2022,2,4,Viernes,False,,31
2022-02-05,2022,2,5,Sábado,False,,28
2022-02-06,2022,2,6,Domingo,False,,37
2022-02-07,2022,2,0,Lunes,False,,43
2022-02-08,2022,2,1,Martes,False,,35
2022-02-09,2022,2,2,Miércoles,False,,32
2022-02-10,2022,2,3,Jueves,False,,34
2022-02-11,2022,2,4,Viernes,False,,39
2022-02-12,2022,2,5,Sábado,False,,38
2022-02-13,2022,2,6,Domingo,False,,37
2022-02-14,2022,2,0,Lunes,False,,29
2022-02-15,2022,2,1,Martes,False,,28
2022-02-16,2022,2,2,Miércoles,False,,32
2022-02-17,2022,2,3,Jueves,False,,32
2022-02-18,2022,2,4,Viernes,False,,50
2022-02-19,2022,2,5,Sábado,False,,39
2022-02-20,2022,2,6,Domingo,False,,28
2022-02-21,2022,2,0,Lunes,False,,41
2022-02-22,2022,2,1,Martes,False,,45
2022-02-23,2022,2,2,Miércoles,False,,39
2022-02-24,2022,2,3,Jueves,False,,34
2022-02-25,2022,2,4,Viernes,False,,35
2022-02-26,2022,2,5,Sábado,False,,41
2022-02-27,2022,2,6,Domingo,False,,26
2022-02-28,2022,2,0,Lunes,False,,35
2022-03-01,2022,3,1,Martes,False,,47
2022-03-02,2022,3,2,Miércoles,False,,37
2022-03-03,2022,3,3,Jueves,False,,31
2022-03-04,2022,3,4,Viernes,False,,47
2022-03-05,2022,3,5,Sábado,False,,38
2022-03-06,2022,3,6,Domingo,False,,21
2022-03-07,2022,3,0,Lunes,False,,32
2022-03-08,2022,3,1,Martes,False,,46
2022-03-09,2022,3,2,Miércoles,False,,32
2022-03-10,2022,3,3,Jueves,False,,47
2022-03-11,2022,3,4,Viernes,False,,43
2022-03-12,2022,3,5,Sábado,False,,26
2022-03-13,2022,3,6,Domingo,False,,36
2022-03-14,2022,3,0,Lunes,False,,37
2022-03-15,2022,3,1,Martes,False,,46
2022-03-16,2022,3,2,Miércoles,False,,35
2022-03-17,2022,3,3,Jueves,False,,55
2022-03-18,2022,3,4,Viernes,False,,46
2022-03-19,2022,3,5,Sábado,False,,41
2022-03-20,2022,3,6,Domingo,False,,28
2022-03-21,2022,3,0,Lunes,True,Día de San José (observado),25
2022-03-22,2022,3,1,Martes,False,,35
2022-03-23,2022,3,2,Miércoles,False,,35
2022-03-24,2022,3,3,Jueves,False,,45
2022-03-25,2022,3,4,Viernes,False,,44
2022-03-26,2022,3,5,Sábado,False,,41
2022-03-27,2022,3,6,Domingo,False,,24
2022-03-28,2022,3,0,Lunes,False,,42
2022-03-29,2022,3,1,Martes,False,,39
2022-03-30,2022,3,2,Miércoles,False,,38
2022-03-31,2022,3,3,Jueves,False,,38
2022-04-01,2022,4,4,Viernes,False,,43
2022-04-02,2022,4,5,Sábado,False,,43
2022-04-03,2022,4,6,Domingo,False,,35
2022-04-04,2022,4,0,Lunes,False,,45
2022-04-05,2022,4,1,Martes,False,,42
2022-04-06,2022,4,2,Miércoles,False,,44
2022-04-07,2022,4,3,Jueves,False,,34
2022-04-08,2022,4,4,Viernes,False,,45
2022-04-09,2022,4,5,Sábado,False,,38
2022-04-10,2022,4,6,Domingo,False,,23
2022-04-11,2022,4,0,Lunes,False,,34
2022-04-12,2022,4,1,Martes,False,,29
2022-04-13,2022,4,2,Miércoles,False,,31
2022-04-14,2022,4,3,Jueves,True,Jueves Santo,28
2022-04-15,2022,4,4,Viernes,True,Viernes Santo,16
2022-04-16,2022,4,5,Sábado,False,,20
2022-04-17,2022,4,6,Domingo,False,,16
2022-04-18,2022,4,0,Lunes,False,,34
2022-04-19,2022,4,1,Martes,False,,26
2022-04-20,2022,4,2,Miércoles,False,,30
2022-04-21,2022,4,3,Jueves,False,,38
2022-04-22,2022,4,4,Viernes,False,,36
2022-04-23,2022,4,5,Sábado,False,,36
2022-04-24,2022,4,6,Domingo,False,,26
2022-04-25,2022,4,0,Lunes,False,,33
2022-04-26,2022,4,1,Martes,False,,33
2022-04-27,2022,4,2,Miércoles,False,,28
2022-04-28,2022,4,3,Jueves,False,,31
2022-04-29,2022,4,4,Viernes,False,,46
2022-04-30,2022,4,5,Sábado,False,,52
2022-05-01,2022,5,6,Domingo,True,Día del Trabajo,39
2022-05-02,2022,5,0,Lunes,False,,38
2022-05-03,2022,5,1,Martes,False,,27
2022-05-04,2022,5,2,Miércoles,False,,51
2022-05-05,2022,5,3,Jueves,False,,28
2022-05-06,2022,5,4,Viernes,False,,46
2022-05-07,2022,5,5,Sábado,False,,42
2022-05-08,2022,5,6,Domingo,False,,31
2022-05-09,2022,5,0,Lunes,False,,39
2022-05-10,2022,5,1,Martes,False,,37
2022-05-11,2022,5,2,Miércoles,False,,37
2022-05-12,2022,5,3,Jueves,False,,29
2022-05-13,2022,5,4,Viernes,False,,42
2022-05-14,2022,5,5,Sábado,False,,36
2022-05-15,2022,5,6,Domingo,False,,29
2022-05-16,2022,5,0,Lunes,False,,46
2022-05-17,2022,5,1,Martes,False,,31
2022-05-18,2022,5,2,Miércoles,False,,31
2022-05-19,2022,5,3,Jueves,False,,34
2022-05-20,2022,5,4,Viernes,False,,41
2022-05-21,2022,5,5,Sábado,False,,49
2022-05-22,2022,5,6,Domingo,False,,37
2022-05-23,2022,5,0,Lunes,False,,39
2022-05-24,2022,5,1,Martes,False,,38
2022-05-25,2022,5,2,Miércoles,False,,26
2022-05-26,2022,5,3,Jueves,False,,39
2022-05-27,2022,5,4,Viernes,False,,42
2022-05-28,2022,5,5,Sábado,False,,42
2022-05-29,2022,5,6,Domingo,False,,29
2022-05-30,2022,5,0,Lunes,True,Ascensión del señor (observado),22
2022-05-31,2022,5,1,Martes,False,,40
2022-06-01,2022,6,2,Miércoles,False,,49
2022-06-02,2022,6,3,Jueves,False,,38
2022-06-03,2022,6,4,Viernes,False,,41
2022-06-04,2022,6,5,Sábado,False,,33
2022-06-05,2022,6,6,Domingo,False,,32
2022-06-06,2022,6,0,Lunes,False,,36
2022-06-07,2022,6,1,Martes,False,,34
2022-06-08,2022,6,2,Miércoles,False,,33
2022-06-09,2022,6,3,Jueves,False,,40
2022-06-10,2022,6,4,Viernes,False,,45
2022-06-11,2022,6,5,Sábado,False,,36
2022-06-12,2022,6,6,Domingo,False,,27
2022-06-13,2022,6,0,Lunes,False,,43
2022-06-14,2022,6,1,Martes,False,,28
2022-06-15,2022,6,2,Miércoles,False,,28
2022-06-16,2022,6,3,Jueves,False,,35
2022-06-17,2022,6,4,Viernes,False,,41
2022-06-18,2022,6,5,Sábado,False,,33
2022-06-19,2022,6,6,Domingo,False,,32
2022-06-20,2022,6,0,Lunes,True,Corpus Christi (observado),32
2022-06-21,2022,6,1,Martes,False,,28
2022-06-22,2022,6,2,Miércoles,False,,31
2022-06-23,2022,6,3,Jueves,False,,39
2022-06-24,2022,6,4,Viernes,False,,45
2022-06-25,2022,6,5,Sábado,False,,40
2022-06-26,2022,6,6,Domingo,False,,34
2022-06-27,2022,6,0,Lunes,True,Sagrado Corazón (observado),32
2022-06-28,2022,6,1,Martes,False,,41
2022-06-29,2022,6,2,Miércoles,False,,40
2022-06-30,2022,6,3,Jueves,False,,33
2022-07-01,2022,7,4,Viernes,False,,42
2022-07-02,2022,7,5,Sábado,False,,39
2022-07-03,2022,7,6,Domingo,False,,25
2022-07-04,2022,7,0,Lunes,True,San Pedro y San Pablo (observado),23
2022-07-05,2022,7,1,Martes,False,,28
2022-07-06,2022,7,2,Miércoles,False,,37
2022-07-07,2022,7,3,Jueves,False,,34
2022-07-08,2022,7,4,Viernes,False,,36
2022-07-09,2022,7,5,Sábado,False,,42
2022-07-10,2022,7,6,Domingo,False,,38
2022-07-11,2022,7,0,Lunes,False,,32
2022-07-12,2022,7,1,Martes,False,,31
2022-07-13,2022,7,2,Miércoles,False,,40
2022-07-14,2022,7,3,Jueves,False,,34
2022-07-15,2022,7,4,Viernes,False,,39
2022-07-16,2022,7,5,Sábado,False,,37
2022-07-17,2022,7,6,Domingo,False,,22
2022-07-18,2022,7,0,Lunes,False,,34
2022-07-19,2022,7,1,Martes,False,,55
2022-07-20,2022,7,2,Miércoles,True,Día de la Independencia,30
2022-07-21,2022,7,3,Jueves,False,,27
2022-07-22,2022,7,4,Viernes,False,,38
2022-07-23,2022,7,5,Sábado,False,,34
2022-07-24,2022,7,6,Domingo,False,,36
2022-07-25,2022,7,0,Lunes,False,,37
2022-07-26,2022,7,1,Martes,False,,32
2022-07-27,2022,7,2,Miércoles,False,,43
2022-07-28,2022,7,3,Jueves,False,,37
2022-07-29,2022,7,4,Viernes,False,,48
2022-07-30,2022,7,5,Sábado,False,,39
2022-07-31,2022,7,6,Domingo,False,,27
2022-08-01,2022,8,0,Lunes,False,,35
2022-08-02,2022,8,1,Martes,False,,39
2022-08-03,2022,8,2,Miércoles,False,,39
2022-08-04,2022,8,3,Jueves,False,,39
2022-08-05,2022,8,4,Viernes,False,,39
2022-08-06,2022,8,5,Sábado,False,,41
2022-08-07,2022,8,6,Domingo,True,Batalla de Boyacá,38
2022-08-08,2022,8,0,Lunes,False,,46
2022-08-09,2022,8,1,Martes,False,,38
2022-08-10,2022,8,2,Miércoles,False,,41
2022-08-11,2022,8,3,Jueves,False,,33
2022-08-12,2022,8,4,Viernes,False,,43
2022-08-13,2022,8,5,Sábado,False,,42
2022-08-14,2022,8,6,Domingo,False,,24
2022-08-15,2022,8,0,Lunes,True,La Asunción,22
2022-08-16,2022,8,1,Martes,False,,32
2022-08-17,2022,8,2,Miércoles,False,,38
2022-08-18,2022,8,3,Jueves,False,,35
2022-08-19,2022,8,4,Viernes,False,,48
2022-08-20,2022,8,5,Sábado,False,,53
2022-08-21,2022,8,6,Domingo,False,,32
2022-08-22,2022,8,0,Lunes,False,,40
2022-08-23,2022,8,1,Martes,False,,31
2022-08-24,2022,8,2,Miércoles,False,,41
2022-08-25,2022,8,3,Jueves,False,,34
2022-08-26,2022,8,4,Viernes,False,,42
2022-08-27,2022,8,5,Sábado,False,,45
2022-08-28,2022,8,6,Domingo,False,,40
2022-08-29,2022,8,0,Lunes,False,,35
2022-08-30,2022,8,1,Martes,False,,36
2022-08-31,2022,8,2,Miércoles,False,,37
2022-09-01,2022,9,3,Jueves,False,,36
2022-09-02,2022,9,4,Viernes,False,,51
2022-09-03,2022,9,5,Sábado,False,,35
2022-09-04,2022,9,6,Domingo,False,,35
2022-09-05,2022,9,0,Lunes,False,,35
2022-09-06,2022,9,1,Martes,False,,37
2022-09-07,2022,9,2,Miércoles,False,,36
2022-09-08,2022,9,3,Jueves,False,,37
2022-09-09,2022,9,4,Viernes,False,,47
2022-09-10,2022,9,5,Sábado,False,,36
2022-09-11,2022,9,6,Domingo,False,,28
2022-09-12,2022,9,0,Lunes,False,,35
2022-09-13,2022,9,1,Martes,False,,30
2022-09-14,2022,9,2,Miércoles,False,,46
2022-09-15,2022,9,3,Jueves,False,,37
2022-09-16,2022,9,4,Viernes,False,,48
2022-09-17,2022,9,5,Sábado,False,,47
2022-09-18,2022,9,6,Domingo,False,,35
2022-09-19,2022,9,0,Lunes,False,,36
2022-09-20,2022,9,1,Martes,False,,36
2022-09-21,2022,9,2,Miércoles,False,,34
2022-09-22,2022,9,3,Jueves,False,,28
2022-09-23,2022,9,4,Viernes,False,,39
2022-09-24,2022,9,5,Sábado,False,,48
2022-09-25,2022,9,6,Domingo,False,,29
2022-09-26,2022,9,0,Lunes,False,,34
2022-09-27,2022,9,1,Martes,False,,38
2022-09-28,2022,9,2,Miércoles,False,,39
2022-09-29,2022,9,3,Jueves,False,,44
2022-09-30,2022,9,4,Viernes,False,,50
2022-10-01,2022,10,5,Sábado,False,,44
2022-10-02,2022,10,6,Domingo,False,,34
2022-10-03,2022,10,0,Lunes,False,,44
2022-10-04,2022,10,1,Martes,False,,30
2022-10-05,2022,10,2,Miércoles,False,,30
2022-10-06,2022,10,3,Jueves,False,,40
2022-10-07,2022,10,4,Viernes,False,,36
2022-10-08,2022,10,5,Sábado,False,,39
2022-10-09,2022,10,6,Domingo,False,,27
2022-10-10,2022,10,0,Lunes,False,,44
2022-10-11,2022,10,1,Martes,False,,36
2022-10-12,2022,10,2,Miércoles,False,,23
2022-10-13,2022,10,3,Jueves,False,,40
2022-10-14,2022,10,4,Viernes,False,,37
2022-10-15,2022,10,5,Sábado,False,,44
2022-10-16,2022,10,6,Domingo,False,,22
2022-10-17,2022,10,0,Lunes,True,Día de la Raza (observado),21
2022-10-18,2022,10,1,Martes,False,,42
2022-10-19,2022,10,2,Miércoles,False,,33
2022-10-20,2022,10,3,Jueves,False,,32
2022-10-21,2022,10,4,Viernes,False,,25
2022-10-22,2022,10,5,Sábado,False,,39
2022-10-23,2022,10,6,Domingo,False,,26
2022-10-24,2022,10,0,Lunes,False,,39
2022-10-25,2022,10,1,Martes,False,,37
2022-10-26,2022,10,2,Miércoles,False,,39
2022-10-27,2022,10,3,Jueves,False,,43
2022-10-28,2022,10,4,Viernes,False,,41
2022-10-29,2022,10,5,Sábado,False,,25
2022-10-30,2022,10,6,Domingo,False,,31
2022-10-31,2022,10,0,Lunes,False,,36
2022-11-01,2022,11,1,Martes,False,,34
2022-11-02,2022,11,2,Miércoles,False,,29
2022-11-03,2022,11,3,Jueves,False,,49
2022-11-04,2022,11,4,Viernes,False,,46
2022-11-05,2022,11,5,Sábado,False,,35
2022-11-06,2022,11,6,Domingo,False,,25
2022-11-07,2022,11,0,Lunes,True,Día de Todos los Santos (observado),18
2022-11-08,2022,11,1,Martes,False,,28
2022-11-09,2022,11,2,Miércoles,False,,28
2022-11-10,2022,11,3,Jueves,False,,46
2022-11-11,2022,11,4,Viernes,False,,33
2022-11-12,2022,11,5,Sábado,False,,41
2022-11-13,2022,11,6,Domingo,False,,28
2022-11-14,2022,11,0,Lunes,True,Independencia de Cartagena (observado),24
2022-11-15,2022,11,1,Martes,False,,46
2022-11-16,2022,11,2,Miércoles,False,,37
2022-11-17,2022,11,3,Jueves,False,,38
2022-11-18,2022,11,4,Viernes,False,,39
2022-11-19,2022,11,5,Sábado,False,,49
2022-11-20,2022,11,6,Domingo,False,,25
2022-11-21,2022,11,0,Lunes,False,,37
2022-11-22,2022,11,1,Martes,False,,38
2022-11-23,2022,11,2,Miércoles,False,,39
2022-11-24,2022,11,3,Jueves,False,,46
2022-11-25,2022,11,4,Viernes,False,,33
2022-11-26,2022,11,5,Sábado,False,,47
2022-11-27,2022,11,6,Domingo,False,,29
2022-11-28,2022,11,0,Lunes,False,,19
2022-11-29,2022,11,1,Martes,False,,28
2022-11-30,2022,11,2,Miércoles,False,,22
2022-12-01,2022,12,3,Jueves,False,,32
2022-12-02,2022,12,4,Viernes,False,,46
2022-12-03,2022,12,5,Sábado,False,,35
2022-12-04,2022,12,6,Domingo,False,,26
2022-12-05,2022,12,0,Lunes,False,,46
2022-12-06,2022,12,1,Martes,False,,37
2022-12-07,2022,12,2,Miércoles,False,,35
2022-12-08,2022,12,3,Jueves,True,La Inmaculada Concepción,22
2022-12-09,2022,12,4,Viernes,False,,29
2022-12-10,2022,12,5,Sábado,False,,24
2022-12-11,2022,12,6,Domingo,False,,28
2022-12-12,2022,12,0,Lunes,False,,27
2022-12-13,2022,12,1,Martes,False,,32
2022-12-14,2022,12,2,Miércoles,False,,43
2022-12-15,2022,12,3,Jueves,False,,28
2022-12-16,2022,12,4,Viernes,False,,37
2022-12-17,2022,12,5,Sábado,False,,45
2022-12-18,2022,12,6,Domingo,False,,28
2022-12-19,2022,12,0,Lunes,False,,31
2022-12-20,2022,12,1,Martes,False,,34
2022-12-21,2022,12,2,Miércoles,False,,47
2022-12-22,2022,12,3,Jueves,False,,36
2022-12-23,2022,12,4,Viernes,False,,47
2022-12-24,2022,12,5,Sábado,False,,49
2022-12-25,2022,12,6,Domingo,True,Navidad,24
2022-12-26,2022,12,0,Lunes,False,,27
2022-12-27,2022,12,1,Martes,False,,30
2022-12-28,2022,12,2,Miércoles,False,,27
2022-12-29,2022,12,3,Jueves,False,,33
2022-12-30,2022,12,4,Viernes,False,,41
2022-12-31,2022,12,5,Sábado,False,,24
2023-01-01,2023,1,6,Domingo,True,Año Nuevo,24
2023-01-02,2023,1,0,Lunes,False,,28
2023-01-03,2023,1,1,Martes,False,,28
2023-01-04,2023,1,2,Miércoles,False,,28
2023-01-05,2023,1,3,Jueves,False,,32
2023-01-06,2023,1,4,Viernes,False,,24
2023-01-07,2023,1,5,Sábado,False,,26
2023-01-08,2023,1,6,Domingo,False,,14
2023-01-09,2023,1,0,Lunes,True,Día de los Reyes Magos (observado),20
2023-01-10,2023,1,1,Martes,False,,32
2023-01-11,2023,1,2,Miércoles,False,,24
2023-01-12,2023,1,3,Jueves,False,,24
2023-01-13,2023,1,4,Viernes,False,,43
2023-01-14,2023,1,5,Sábado,False,,41
2023-01-15,2023,1,6,Domingo,False,,24
2023-01-16,2023,1,0,Lunes,False,,37
2023-01-17,2023,1,1,Martes,False,,32
2023-01-18,2023,1,2,Miércoles,False,,29
2023-01-19,2023,1,3,Jueves,False,,34
2023-01-20,2023,1,4,Viernes,False,,43
2023-01-21,2023,1,5,Sábado,False,,29
2023-01-22,2023,1,6,Domingo,False,,25
2023-01-23,2023,1,0,Lunes,False,,40
2023-01-24,2023,1,1,Martes,False,,24
2023-01-25,2023,1,2,Miércoles,False,,35
2023-01-26,2023,1,3,Jueves,False,,29
2023-01-27,2023,1,4,Viernes,False,,40
2023-01-28,2023,1,5,Sábado,False,,46
2023-01-29,2023,1,6,Domingo,False,,35
2023-01-30,2023,1,0,Lunes,False,,42
2023-01-31,2023,1,1,Martes,False,,47
2023-02-01,2023,2,2,Miércoles,False,,44
2023-02-02,2023,2,3,Jueves,False,,22
2023-02-03,2023,2,4,Viernes,False,,53
2023-02-04,2023,2,5,Sábado,False,,41
2023-02-05,2023,2,6,Domingo,False,,25
2023-02-06,2023,2,0,Lunes,False,,36
2023-02-07,2023,2,1,Martes,False,,42
2023-02-08,2023,2,2,Miércoles,False,,54
2023-02-09,2023,2,3,Jueves,False,,34
2023-02-10,2023,2,4,Viernes,False,,49
2023-02-11,2023,2,5,Sábado,False,,43
2023-02-12,2023,2,6,Domingo,False,,24
2023-02-13,2023,2,0,Lunes,False,,44
2023-02-14,2023,2,1,Martes,False,,46
2023-02-15,2023,2,2,Miércoles,False,,51
2023-02-16,2023,2,3,Jueves,False,,42
2023-02-17,2023,2,4,Viernes,False,,47
2023-02-18,2023,2,5,Sábado,False,,36
2023-02-19,2023,2,6,Domingo,False,,33
2023-02-20,2023,2,0,Lunes,False,,42
2023-02-21,2023,2,1,Martes,False,,39
2023-02-22,2023,2,2,Miércoles,False,,35
2023-02-23,2023,2,3,Jueves,False,,38
2023-02-24,2023,2,4,Viernes,False,,47
2023-02-25,2023,2,5,Sábado,False,,41
2023-02-26,2023,2,6,Domingo,False,,25
2023-02-27,2023,2,0,Lunes,False,,49
2023-02-28,2023,2,1,Martes,False,,45
2023-03-01,2023,3,2,Miércoles,False,,41
2023-03-02,2023,3,3,Jueves,False,,37
2023-03-03,2023,3,4,Viernes,False,,37
2023-03-04,2023,3,5,Sábado,False,,38
2023-03-05,2023,3,6,Domingo,False,,29
2023-03-06,2023,3,0,Lunes,False,,41
2023-03-07,2023,3,1,Martes,False,,28
2023-03-08,2023,3,2,Miércoles,False,,42
2023-03-09,2023,3,3,Jueves,False,,28
2023-03-10,2023,3,4,Viernes,False,,46
2023-03-11,2023,3,5,Sábado,False,,33
2023-03-12,2023,3,6,Domingo,False,,25
2023-03-13,2023,3,0,Lunes,False,,33
2023-03-14,2023,3,1,Martes,False,,39
2023-03-15,2023,3,2,Miércoles,False,,41
2023-03-16,2023,3,3,Jueves,False,,41
2023-03-17,2023,3,4,Viernes,False,,37
2023-03-18,2023,3,5,Sábado,False,,37
2023-03-19,2023,3,6,Domingo,False,,26
2023-03-20,2023,3,0,Lunes,True,Día de San José (observado),30
2023-03-21,2023,3,1,Martes,False,,39
2023-03-22,2023,3,2,Miércoles,False,,40
2023-03-23,2023,3,3,Jueves,False,,34
2023-03-24,2023,3,4,Viernes,False,,41
2023-03-25,2023,3,5,Sábado,False,,35
2023-03-26,2023,3,6,Domingo,False,,22
2023-03-27,2023,3,0,Lunes,False,,46
2023-03-28,2023,3,1,Martes,False,,37
2023-03-29,2023,3,2,Miércoles,False,,38
2023-03-30,2023,3,3,Jueves,False,,38
2023-03-31,2023,3,4,Viernes,False,,52
2023-04-01,2023,4,5,Sábado,False,,33
2023-04-02,2023,4,6,Domingo,False,,28
2023-04-03,2023,4,0,Lunes,False,,31
2023-04-04,2023,4,1,Martes,False,,34
2023-04-05,2023,4,2,Miércoles,False,,36
2023-04-06,2023,4,3,Jueves,True,Jueves Santo,22
2023-04-07,2023,4,4,Viernes,True,Viernes Santo,11
2023-04-08,2023,4,5,Sábado,False,,21
2023-04-09,2023,4,6,Domingo,False,,27
2023-04-10,2023,4,0,Lunes,False,,30
2023-04-11,2023,4,1,Martes,False,,36
2023-04-12,2023,4,2,Miércoles,False,,51
2023-04-13,2023,4,3,Jueves,False,,41
2023-04-14,2023,4,4,Viernes,False,,40
2023-04-15,2023,4,5,Sábado,False,,50
2023-04-16,2023,4,6,Domingo,False,,34
2023-04-17,2023,4,0,Lunes,False,,38
2023-04-18,2023,4,1,Martes,False,,41
2023-04-19,2023,4,2,Miércoles,False,,29
2023-04-20,2023,4,3,Jueves,False,,34
2023-04-21,2023,4,4,Viernes,False,,37
2023-04-22,2023,4,5,Sábado,False,,49
2023-04-23,2023,4,6,Domingo,False,,29
2023-04-24,2023,4,0,Lunes,False,,24
2023-04-25,2023,4,1,Martes,False,,34
2023-04-26,2023,4,2,Miércoles,False,,27
2023-04-27,2023,4,3,Jueves,False,,39
2023-04-28,2023,4,4,Viernes,False,,50
2023-04-29,2023,4,5,Sábado,False,,40
2023-04-30,2023,4,6,Domingo,False,,28
2023-05-01,2023,5,0,Lunes,True,Día del Trabajo,19
2023-05-02,2023,5,1,Martes,False,,40
2023-05-03,2023,5,2,Miércoles,False,,42
2023-05-04,2023,5,3,Jueves,False,,36
2023-05-05,2023,5,4,Viernes,False,,32
2023-05-06,2023,5,5,Sábado,False,,34
2023-05-07,2023,5,6,Domingo,False,,37
2023-05-08,2023,5,0,Lunes,False,,42
2023-05-09,2023,5,1,Martes,False,,41
2023-05-10,2023,5,2,Miércoles,False,,34
2023-05-11,2023,5,3,Jueves,False,,43
2023-05-12,2023,5,4,Viernes,False,,40
2023-05-13,2023,5,5,Sábado,False,,37
2023-05-14,2023,5,6,Domingo,False,,31
2023-05-15,2023,5,0,Lunes,False,,38
2023-05-16,2023,5,1,Martes,False,,34
2023-05-17,2023,5,2,Miércoles,False,,31
2023-05-18,2023,5,3,Jueves,False,,42
2023-05-19,2023,5,4,Viernes,False,,42
2023-05-20,2023,5,5,Sábado,False,,43
2023-05-21,2023,5,6,Domingo,False,,20
2023-05-22,2023,5,0,Lunes,True,Ascensión del señor (observado),24
2023-05-23,2023,5,1,Martes,False,,33
2023-05-24,2023,5,2,Miércoles,False,,31
2023-05-25,2023,5,3,Jueves,False,,33
2023-05-26,2023,5,4,Viernes,False,,47
2023-05-27,2023,5,5,Sábado,False,,47
2023-05-28,2023,5,6,Domingo,False,,24
2023-05-29,2023,5,0,Lunes,False,,35
2023-05-30,2023,5,1,Martes,False,,37
2023-05-31,2023,5,2,Miércoles,False,,46
2023-06-01,2023,6,3,Jueves,False,,41
2023-06-02,2023,6,4,Viernes,False,,41
2023-06-03,2023,6,5,Sábado,False,,51
2023-06-04,2023,6,6,Domingo,False,,28
2023-06-05,2023,6,0,Lunes,False,,38
2023-06-06,2023,6,1,Martes,False,,41
2023-06-07,2023,6,2,Miércoles,False,,33
2023-06-08,2023,6,3,Jueves,False,,39
2023-06-09,2023,6,4,Viernes,False,,42
2023-06-10,2023,6,5,Sábado,False,,33
2023-06-11,2023,6,6,Domingo,False,,33
2023-06-12,2023,6,0,Lunes,True,Corpus Christi (observado),26
2023-06-13,2023,6,1,Martes,False,,50
2023-06-14,2023,6,2,Miércoles,False,,41
2023-06-15,2023,6,3,Jueves,False,,35
2023-06-16,2023,6,4,Viernes,False,,36
2023-06-17,2023,6,5,Sábado,False,,42
2023-06-18,2023,6,6,Domingo,False,,28
2023-06-19,2023,6,0,Lunes,True,Sagrado Corazón (observado),24
2023-06-20,2023,6,1,Martes,False,,35
2023-06-21,2023,6,2,Miércoles,False,,32
2023-06-22,2023,6,3,Jueves,False,,32
2023-06-23,2023,6,4,Viernes,False,,33
2023-06-24,2023,6,5,Sábado,False,,42
2023-06-25,2023,6,6,Domingo,False,,50
2023-06-26,2023,6,0,Lunes,False,,48
2023-06-27,2023,6,1,Martes,False,,40
2023-06-28,2023,6,2,Miércoles,False,,38
2023-06-29,2023,6,3,Jueves,False,,34
2023-06-30,2023,6,4,Viernes,False,,37
2023-07-01,2023,7,5,Sábado,False,,40
2023-07-02,2023,7,6,Domingo,False,,27
2023-07-03,2023,7,0,Lunes,True,San Pedro y San Pablo (observado),18
2023-07-04,2023,7,1,Martes,False,,30
2023-07-05,2023,7,2,Miércoles,False,,29
2023-07-06,2023,7,3,Jueves,False,,29
2023-07-07,2023,7,4,Viernes,False,,32
2023-07-08,2023,7,5,Sábado,False,,30
2023-07-09,2023,7,6,Domingo,False,,27
2023-07-10,2023,7,0,Lunes,False,,37
2023-07-11,2023,7,1,Martes,False,,38
2023-07-12,2023,7,2,Miércoles,False,,29
2023-07-13,2023,7,3,Jueves,False,,34
2023-07-14,2023,7,4,Viernes,False,,36
2023-07-15,2023,7,5,Sábado,False,,37
2023-07-16,2023,7,6,Domingo,False,,38
2023-07-17,2023,7,0,Lunes,False,,31
2023-07-18,2023,7,1,Martes,False,,51
2023-07-19,2023,7,2,Miércoles,False,,39
2023-07-20,2023,7,3,Jueves,True,Día de la Independencia,29
2023-07-21,2023,7,4,Viernes,False,,40
2023-07-22,2023,7,5,Sábado,False,,34
2023-07-23,2023,7,6,Domingo,False,,26
2023-07-24,2023,7,0,Lunes,False,,30
2023-07-25,2023,7,1,Martes,False,,28
2023-07-26,2023,7,2,Miércoles,False,,39
2023-07-27,2023,7,3,Jueves,False,,32
2023-07-28,2023,7,4,Viernes,False,,34
2023-07-29,2023,7,5,Sábado,False,,41
2023-07-30,2023,7,6,Domingo,False,,31
2023-07-31,2023,7,0,Lunes,False,,31
2023-08-01,2023,8,1,Martes,False,,32
2023-08-02,2023,8,2,Miércoles,False,,34
2023-08-03,2023,8,3,Jueves,False,,34
2023-08-04,2023,8,4,Viernes,False,,37
2023-08-05,2023,8,5,Sábado,False,,37
2023-08-06,2023,8,6,Domingo,False,,28
2023-08-07,2023,8,0,Lunes,True,Batalla de Boyacá,29
2023-08-08,2023,8,1,Martes,False,,41
2023-08-09,2023,8,2,Miércoles,False,,36
2023-08-10,2023,8,3,Jueves,False,,46
2023-08-11,2023,8,4,Viernes,False,,28
2023-08-12,2023,8,5,Sábado,False,,40
2023-08-13,2023,8,6,Domingo,False,,32
2023-08-14,2023,8,0,Lunes,False,,41
2023-08-15,2023,8,1,Martes,False,,33
2023-08-16,2023,8,2,Miércoles,False,,44
2023-08-17,2023,8,3,Jueves,False,,43
2023-08-18,2023,8,4,Viernes,False,,31
2023-08-19,2023,8,5,Sábado,False,,37
2023-08-20,2023,8,6,Domingo,False,,27
2023-08-21,2023,8,0,Lunes,True,La Asunción (observado),24
2023-08-22,2023,8,1,Martes,False,,37
2023-08-23,2023,8,2,Miércoles,False,,49
2023-08-24,2023,8,3,Jueves,False,,30
2023-08-25,2023,8,4,Viernes,False,,52
2023-08-26,2023,8,5,Sábado,False,,56
2023-08-27,2023,8,6,Domingo,False,,34
2023-08-28,2023,8,0,Lunes,False,,31
2023-08-29,2023,8,1,Martes,False,,42
2023-08-30,2023,8,2,Miércoles,False,,28
2023-08-31,2023,8,3,Jueves,False,,42
2023-09-01,2023,9,4,Viernes,False,,49
2023-09-02,2023,9,5,Sábado,False,,38
2023-09-03,2023,9,6,Domingo,False,,31
2023-09-04,2023,9,0,Lunes,False,,35
2023-09-05,2023,9,1,Martes,False,,26
2023-09-06,2023,9,2,Miércoles,False,,41
2023-09-07,2023,9,3,Jueves,False,,36
2023-09-08,2023,9,4,Viernes,False,,39
2023-09-09,2023,9,5,Sábado,False,,30
2023-09-10,2023,9,6,Domingo,False,,27
2023-09-11,2023,9,0,Lunes,False,,43
2023-09-12,2023,9,1,Martes,False,,33
2023-09-13,2023,9,2,Miércoles,False,,45
2023-09-14,2023,9,3,Jueves,False,,31
2023-09-15,2023,9,4,Viernes,False,,34
2023-09-16,2023,9,5,Sábado,False,,32
2023-09-17,2023,9,6,Domingo,False,,34
2023-09-18,2023,9,0,Lunes,False,,41
2023-09-19,2023,9,1,Martes,False,,37
2023-09-20,2023,9,2,Miércoles,False,,36
2023-09-21,2023,9,3,Jueves,False,,24
2023-09-22,2023,9,4,Viernes,False,,43
2023-09-23,2023,9,5,Sábado,False,,43
2023-09-24,2023,9,6,Domingo,False,,27
2023-09-25,2023,9,0,Lunes,False,,37
2023-09-26,2023,9,1,Martes,False,,38
2023-09-27,2023,9,2,Miércoles,False,,38
2023-09-28,2023,9,3,Jueves,False,,44
2023-09-29,2023,9,4,Viernes,False,,61
2023-09-30,2023,9,5,Sábado,False,,53
2023-10-01,2023,10,6,Domingo,False,,32
2023-10-02,2023,10,0,Lunes,False,,32
2023-10-03,2023,10,1,Martes,False,,44
2023-10-04,2023,10,2,Miércoles,False,,36
2023-10-05,2023,10,3,Jueves,False,,34
2023-10-06,2023,10,4,Viernes,False,,50
2023-10-07,2023,10,5,Sábado,False,,38
2023-10-08,2023,10,6,Domingo,False,,27
2023-10-09,2023,10,0,Lunes,False,,29
2023-10-10,2023,10,1,Martes,False,,18
2023-10-11,2023,10,2,Miércoles,False,,39
2023-10-12,2023,10,3,Jueves,False,,37
2023-10-13,2023,10,4,Viernes,False,,41
2023-10-14,2023,10,5,Sábado,False,,38
2023-10-15,2023,10,6,Domingo,False,,25
2023-10-16,2023,10,0,Lunes,True,Día de la Raza (observado),18
2023-10-17,2023,10,1,Martes,False,,39
2023-10-18,2023,10,2,Miércoles,False,,29
2023-10-19,2023,10,3,Jueves,False,,31
2023-10-20,2023,10,4,Viernes,False,,51
2023-10-21,2023,10,5,Sábado,False,,30
2023-10-22,2023,10,6,Domingo,False,,28
2023-10-23,2023,10,0,Lunes,False,,30
2023-10-24,2023,10,1,Martes,False,,28
2023-10-25,2023,10,2,Miércoles,False,,45
2023-10-26,2023,10,3,Jueves,False,,37
2023-10-27,2023,10,4,Viernes,False,,39
2023-10-28,2023,10,5,Sábado,False,,46
2023-10-29,2023,10,6,Domingo,False,,24
2023-10-30,2023,10,0,Lunes,False,,28
2023-10-31,2023,10,1,Martes,False,,40
2023-11-01,2023,11,2,Miércoles,False,,49
2023-11-02,2023,11,3,Jueves,False,,38
2023-11-03,2023,11,4,Viernes,False,,40
2023-11-04,2023,11,5,Sábado,False,,38
2023-11-05,2023,11,6,Domingo,False,,29
2023-11-06,2023,11,0,Lunes,True,Día de Todos los Santos (observado),20
2023-11-07,2023,11,1,Martes,False,,47
2023-11-08,2023,11,2,Miércoles,False,,35
2023-11-09,2023,11,3,Jueves,False,,42
2023-11-10,2023,11,4,Viernes,False,,41
2023-11-11,2023,11,5,Sábado,False,,48
2023-11-12,2023,11,6,Domingo,False,,26
2023-11-13,2023,11,0,Lunes,True,Independencia de Cartagena (observado),30
2023-11-14,2023,11,1,Martes,False,,34
2023-11-15,2023,11,2,Miércoles,False,,29
2023-11-16,2023,11,3,Jueves,False,,45
2023-11-17,2023,11,4,Viernes,False,,43
2023-11-18,2023,11,5,Sábado,False,,38
2023-11-19,2023,11,6,Domingo,False,,32
2023-11-20,2023,11,0,Lunes,False,,32
2023-11-21,2023,11,1,Martes,False,,38
2023-11-22,2023,11,2,Miércoles,False,,30
2023-11-23,2023,11,3,Jueves,False,,37
2023-11-24,2023,11,4,Viernes,False,,40
2023-11-25,2023,11,5,Sábado,False,,32
2023-11-26,2023,11,6,Domingo,False,,31
2023-11-27,2023,11,0,Lunes,False,,45
2023-11-28,2023,11,1,Martes,False,,40
2023-11-29,2023,11,2,Miércoles,False,,33
2023-11-30,2023,11,3,Jueves,False,,33
2023-12-01,2023,12,4,Viernes,False,,52
2023-12-02,2023,12,5,Sábado,False,,53
2023-12-03,2023,12,6,Domingo,False,,26
2023-12-04,2023,12,0,Lunes,False,,46
2023-12-05,2023,12,1,Martes,False,,29
2023-12-06,2023,12,2,Miércoles,False,,34
2023-12-07,2023,12,3,Jueves,False,,43
2023-12-08,2023,12,4,Viernes,True,La Inmaculada Concepción,32
2023-12-09,2023,12,5,Sábado,False,,33
2023-12-10,2023,12,6,Domingo,False,,26
2023-12-11,2023,12,0,Lunes,False,,37
2023-12-12,2023,12,1,Martes,False,,46
2023-12-13,2023,12,2,Miércoles,False,,30
2023-12-14,2023,12,3,Jueves,False,,35
2023-12-15,2023,12,4,Viernes,False,,32
2023-12-16,2023,12,5,Sábado,False,,33
2023-12-17,2023,12,6,Domingo,False,,26
2023-12-18,2023,12,0,Lunes,False,,37
2023-12-19,2023,12,1,Martes,False,,39
2023-12-20,2023,12,2,Miércoles,False,,39
2023-12-21,2023,12,3,Jueves,False,,38
2023-12-22,2023,12,4,Viernes,False,,36
2023-12-23,2023,12,5,Sábado,False,,34
2023-12-24,2023,12,6,Domingo,False,,31
2023-12-25,2023,12,0,Lunes,True,Navidad,22
2023-12-26,2023,12,1,Martes,False,,26
2023-12-27,2023,12,2,Miércoles,False,,33
2023-12-28,2023,12,3,Jueves,False,,34
2023-12-29,2023,12,4,Viernes,False,,35
2023-12-30,2023,12,5,Sábado,False,,19
2023-12-31,2023,12,6,Domingo,False,,18
2024-01-01,2024,1,0,Lunes,True,Año Nuevo,22
2024-01-02,2024,1,1,Martes,False,,19
2024-01-03,2024,1,2,Miércoles,False,,20
2024-01-04,2024,1,3,Jueves,False,,24
2024-01-05,2024,1,4,Viernes,False,,31
2024-01-06,2024,1,5,Sábado,False,,19
2024-01-07,2024,1,6,Domingo,False,,19
2024-01-08,2024,1,0,Lunes,True,Día de los Reyes Magos (observado),20
2024-01-09,2024,1,1,Martes,False,,25
2024-01-10,2024,1,2,Miércoles,False,,27
2024-01-11,2024,1,3,Jueves,False,,38
2024-01-12,2024,1,4,Viernes,False,,47
2024-01-13,2024,1,5,Sábado,False,,42
2024-01-14,2024,1,6,Domingo,False,,18
2024-01-15,2024,1,0,Lunes,False,,38
2024-01-16,2024,1,1,Martes,False,,36
2024-01-17,2024,1,2,Miércoles,False,,38
2024-01-18,2024,1,3,Jueves,False,,38
2024-01-19,2024,1,4,Viernes,False,,46
2024-01-20,2024,1,5,Sábado,False,,27
2024-01-21,2024,1,6,Domingo,False,,26
2024-01-22,2024,1,0,Lunes,False,,37
2024-01-23,2024,1,1,Martes,False,,40
2024-01-24,2024,1,2,Miércoles,False,,40
2024-01-25,2024,1,3,Jueves,False,,32
2024-01-26,2024,1,4,Viernes,False,,33
2024-01-27,2024,1,5,Sábado,False,,48
2024-01-28,2024,1,6,Domingo,False,,21
2024-01-29,2024,1,0,Lunes,False,,31
2024-01-30,2024,1,1,Martes,False,,33
2024-01-31,2024,1,2,Miércoles,False,,30
2024-02-01,2024,2,3,Jueves,False,,28
2024-02-02,2024,2,4,Viernes,False,,39
2024-02-03,2024,2,5,Sábado,False,,32
2024-02-04,2024,2,6,Domingo,False,,34
2024-02-05,2024,2,0,Lunes,False,,39
2024-02-06,2024,2,1,Martes,False,,26
2024-02-07,2024,2,2,Miércoles,False,,33
2024-02-08,2024,2,3,Jueves,False,,40
2024-02-09,2024,2,4,Viernes,False,,36
2024-02-10,2024,2,5,Sábado,False,,34
2024-02-11,2024,2,6,Domingo,False,,28
2024-02-12,2024,2,0,Lunes,False,,41
2024-02-13,2024,2,1,Martes,False,,47
2024-02-14,2024,2,2,Miércoles,False,,40
2024-02-15,2024,2,3,Jueves,False,,35
2024-02-16,2024,2,4,Viernes,False,,51
2024-02-17,2024,2,5,Sábado,False,,35
2024-02-18,2024,2,6,Domingo,False,,35
2024-02-19,2024,2,0,Lunes,False,,45
2024-02-20,2024,2,1,Martes,False,,47
2024-02-21,2024,2,2,Miércoles,False,,29
2024-02-22,2024,2,3,Jueves,False,,43
2024-02-23,2024,2,4,Viernes,False,,45
2024-02-24,2024,2,5,Sábado,False,,41
2024-02-25,2024,2,6,Domingo,False,,35
2024-02-26,2024,2,0,Lunes,False,,34
2024-02-27,2024,2,1,Martes,False,,30
2024-02-28,2024,2,2,Miércoles,False,,25
2024-02-29,2024,2,3,Jueves,False,,38
2024-03-01,2024,3,4,Viernes,False,,45
2024-03-02,2024,3,5,Sábado,False,,47
2024-03-03,2024,3,6,Domingo,False,,35
2024-03-04,2024,3,0,Lunes,False,,41
2024-03-05,2024,3,1,Martes,False,,45
2024-03-06,2024,3,2,Miércoles,False,,35
2024-03-07,2024,3,3,Jueves,False,,39
2024-03-08,2024,3,4,Viernes,False,,39
2024-03-09,2024,3,5,Sábado,False,,38
2024-03-10,2024,3,6,Domingo,False,,34
2024-03-11,2024,3,0,Lunes,False,,31
2024-03-12,2024,3,1,Martes,False,,39
2024-03-13,2024,3,2,Miércoles,False,,43
2024-03-14,2024,3,3,Jueves,False,,43
2024-03-15,2024,3,4,Viernes,False,,43
2024-03-16,2024,3,5,Sábado,False,,46
2024-03-17,2024,3,6,Domingo,False,,36
2024-03-18,2024,3,0,Lunes,False,,38
2024-03-19,2024,3,1,Martes,False,,32
2024-03-20,2024,3,2,Miércoles,False,,42
2024-03-21,2024,3,3,Jueves,False,,33
2024-03-22,2024,3,4,Viernes,False,,48
2024-03-23,2024,3,5,Sábado,False,,34
2024-03-24,2024,3,6,Domingo,False,,32
2024-03-25,2024,3,0,Lunes,True,Día de San José (observado),27
2024-03-26,2024,3,1,Martes,False,,35
2024-03-27,2024,3,2,Miércoles,False,,21
2024-03-28,2024,3,3,Jueves,True,Jueves Santo,26
2024-03-29,2024,3,4,Viernes,True,Viernes Santo,16
2024-03-30,2024,3,5,Sábado,False,,29
2024-03-31,2024,3,6,Domingo,False,,27
2024-04-01,2024,4,0,Lunes,False,,31
2024-04-02,2024,4,1,Martes,False,,33
2024-04-03,2024,4,2,Miércoles,False,,29
2024-04-04,2024,4,3,Jueves,False,,28
2024-04-05,2024,4,4,Viernes,False,,37
2024-04-06,2024,4,5,Sábado,False,,40
2024-04-07,2024,4,6,Domingo,False,,32
2024-04-08,2024,4,0,Lunes,False,,31
2024-04-09,2024,4,1,Martes,False,,34
2024-04-10,2024,4,2,Miércoles,False,,48
2024-04-11,2024,4,3,Jueves,False,,48
2024-04-12,2024,4,4,Viernes,False,,47
2024-04-13,2024,4,5,Sábado,False,,44
2024-04-14,2024,4,6,Domingo,False,,27
2024-04-15,2024,4,0,Lunes,False,,48
2024-04-16,2024,4,1,Martes,False,,46
2024-04-17,2024,4,2,Miércoles,False,,44
2024-04-18,2024,4,3,Jueves,False,,29
2024-04-19,2024,4,4,Viernes,False,,47
2024-04-20,2024,4,5,Sábado,False,,45
2024-04-21,2024,4,6,Domingo,False,,26
2024-04-22,2024,4,0,Lunes,False,,27
2024-04-23,2024,4,1,Martes,False,,38
2024-04-24,2024,4,2,Miércoles,False,,41
2024-04-25,2024,4,3,Jueves,False,,42
2024-04-26,2024,4,4,Viernes,False,,34
2024-04-27,2024,4,5,Sábado,False,,35
2024-04-28,2024,4,6,Domingo,False,,28
2024-04-29,2024,4,0,Lunes,False,,27
2024-04-30,2024,4,1,Martes,False,,39
2024-05-01,2024,5,2,Miércoles,True,Día del Trabajo,38
2024-05-02,2024,5,3,Jueves,False,,26
2024-05-03,2024,5,4,Viernes,False,,40
2024-05-04,2024,5,5,Sábado,False,,34
2024-05-05,2024,5,6,Domingo,False,,27
2024-05-06,2024,5,0,Lunes,False,,41
2024-05-07,2024,5,1,Martes,False,,33
2024-05-08,2024,5,2,Miércoles,False,,49
2024-05-09,2024,5,3,Jueves,False,,34
2024-05-10,2024,5,4,Viernes,False,,34
2024-05-11,2024,5,5,Sábado,False,,31
2024-05-12,2024,5,6,Domingo,False,,28
2024-05-13,2024,5,0,Lunes,True,Ascensión del señor (observado),23
2024-05-14,2024,5,1,Martes,False,,53
2024-05-15,2024,5,2,Miércoles,False,,43
2024-05-16,2024,5,3,Jueves,False,,32
2024-05-17,2024,5,4,Viernes,False,,40
2024-05-18,2024,5,5,Sábado,False,,46
2024-05-19,2024,5,6,Domingo,False,,26
2024-05-20,2024,5,0,Lunes,False,,37
2024-05-21,2024,5,1,Martes,False,,40
2024-05-22,2024,5,2,Miércoles,False,,41
2024-05-23,2024,5,3,Jueves,False,,36
2024-05-24,2024,5,4,Viernes,False,,38
2024-05-25,2024,5,5,Sábado,False,,28
2024-05-26,2024,5,6,Domingo,False,,34
2024-05-27,2024,5,0,Lunes,False,,36
2024-05-28,2024,5,1,Martes,False,,39
2024-05-29,2024,5,2,Miércoles,False,,35
2024-05-30,2024,5,3,Jueves,False,,41
2024-05-31,2024,5,4,Viernes,False,,41
2024-06-01,2024,6,5,Sábado,False,,26
2024-06-02,2024,6,6,Domingo,False,,29
2024-06-03,2024,6,0,Lunes,True,Corpus Christi (observado),15
2024-06-04,2024,6,1,Martes,False,,28
2024-06-05,2024,6,2,Miércoles,False,,30
2024-06-06,2024,6,3,Jueves,False,,31
2024-06-07,2024,6,4,Viernes,False,,35
2024-06-08,2024,6,5,Sábado,False,,32
2024-06-09,2024,6,6,Domingo,False,,23
2024-06-10,2024,6,0,Lunes,True,Sagrado Corazón (observado),19
2024-06-11,2024,6,1,Martes,False,,36
2024-06-12,2024,6,2,Miércoles,False,,36
2024-06-13,2024,6,3,Jueves,False,,44
2024-06-14,2024,6,4,Viernes,False,,38
2024-06-15,2024,6,5,Sábado,False,,42
2024-06-16,2024,6,6,Domingo,False,,31
2024-06-17,2024,6,0,Lunes,False,,34
2024-06-18,2024,6,1,Martes,False,,25
2024-06-19,2024,6,2,Miércoles,False,,25
2024-06-20,2024,6,3,Jueves,False,,33
2024-06-21,2024,6,4,Viernes,False,,36
2024-06-22,2024,6,5,Sábado,False,,41
2024-06-23,2024,6,6,Domingo,False,,28
2024-06-24,2024,6,0,Lunes,False,,30
2024-06-25,2024,6,1,Martes,False,,32
2024-06-26,2024,6,2,Miércoles,False,,42
2024-06-27,2024,6,3,Jueves,False,,35
2024-06-28,2024,6,4,Viernes,False,,34
2024-06-29,2024,6,5,Sábado,False,,32
2024-06-30,2024,6,6,Domingo,False,,21
2024-07-01,2024,7,0,Lunes,True,San Pedro y San Pablo (observado),12
2024-07-02,2024,7,1,Martes,False,,42
2024-07-03,2024,7,2,Miércoles,False,,41
2024-07-04,2024,7,3,Jueves,False,,38
2024-07-05,2024,7,4,Viernes,False,,29
2024-07-06,2024,7,5,Sábado,False,,45
2024-07-07,2024,7,6,Domingo,False,,30
2024-07-08,2024,7,0,Lunes,False,,37
2024-07-09,2024,7,1,Martes,False,,26
2024-07-10,2024,7,2,Miércoles,False,,41
2024-07-11,2024,7,3,Jueves,False,,28
2024-07-12,2024,7,4,Viernes,False,,33
2024-07-13,2024,7,5,Sábado,False,,41
2024-07-14,2024,7,6,Domingo,False,,25
2024-07-15,2024,7,0,Lunes,False,,23
2024-07-16,2024,7,1,Martes,False,,40
2024-07-17,2024,7,2,Miércoles,False,,31
2024-07-18,2024,7,3,Jueves,False,,28
2024-07-19,2024,7,4,Viernes,False,,41
2024-07-20,2024,7,5,Sábado,True,Día de la Independencia,33
2024-07-21,2024,7,6,Domingo,False,,40
2024-07-22,2024,7,0,Lunes,False,,32
2024-07-23,2024,7,1,Martes,False,,44
2024-07-24,2024,7,2,Miércoles,False,,33
2024-07-25,2024,7,3,Jueves,False,,33
2024-07-26,2024,7,4,Viernes,False,,36
2024-07-27,2024,7,5,Sábado,False,,40
2024-07-28,2024,7,6,Domingo,False,,33
2024-07-29,2024,7,0,Lunes,False,,27
2024-07-30,2024,7,1,Martes,False,,42
2024-07-31,2024,7,2,Miércoles,False,,36
2024-08-01,2024,8,3,Jueves,False,,43
2024-08-02,2024,8,4,Viernes,False,,42
2024-08-03,2024,8,5,Sábado,False,,41
2024-08-04,2024,8,6,Domingo,False,,29
2024-08-05,2024,8,0,Lunes,False,,48
2024-08-06,2024,8,1,Martes,False,,29
2024-08-07,2024,8,2,Miércoles,True,Batalla de Boyacá,21
2024-08-08,2024,8,3,Jueves,False,,24
2024-08-09,2024,8,4,Viernes,False,,28
2024-08-10,2024,8,5,Sábado,False,,39
2024-08-11,2024,8,6,Domingo,False,,27
2024-08-12,2024,8,0,Lunes,False,,50
2024-08-13,2024,8,1,Martes,False,,43
2024-08-14,2024,8,2,Miércoles,False,,34
2024-08-15,2024,8,3,Jueves,False,,41
2024-08-16,2024,8,4,Viernes,False,,47
2024-08-17,2024,8,5,Sábado,False,,38
2024-08-18,2024,8,6,Domingo,False,,16
2024-08-19,2024,8,0,Lunes,True,La Asunción (observado),27
2024-08-20,2024,8,1,Martes,False,,26
2024-08-21,2024,8,2,Miércoles,False,,34
2024-08-22,2024,8,3,Jueves,False,,34
2024-08-23,2024,8,4,Viernes,False,,38
2024-08-24,2024,8,5,Sábado,False,,34
2024-08-25,2024,8,6,Domingo,False,,27
2024-08-26,2024,8,0,Lunes,False,,44
2024-08-27,2024,8,1,Martes,False,,37
2024-08-28,2024,8,2,Miércoles,False,,31
2024-08-29,2024,8,3,Jueves,False,,44
2024-08-30,2024,8,4,Viernes,False,,43
2024-08-31,2024,8,5,Sábado,False,,46
2024-09-01,2024,9,6,Domingo,False,,33
2024-09-02,2024,9,0,Lunes,False,,31
2024-09-03,2024,9,1,Martes,False,,40
2024-09-04,2024,9,2,Miércoles,False,,41
2024-09-05,2024,9,3,Jueves,False,,32
2024-09-06,2024,9,4,Viernes,False,,38
2024-09-07,2024,9,5,Sábado,False,,40
2024-09-08,2024,9,6,Domingo,False,,35
2024-09-09,2024,9,0,Lunes,False,,37
2024-09-10,2024,9,1,Martes,False,,45
2024-09-11,2024,9,2,Miércoles,False,,31
2024-09-12,2024,9,3,Jueves,False,,42
2024-09-13,2024,9,4,Viernes,False,,34
2024-09-14,2024,9,5,Sábado,False,,48
2024-09-15,2024,9,6,Domingo,False,,37
2024-09-16,2024,9,0,Lunes,False,,43
2024-09-17,2024,9,1,Martes,False,,38
2024-09-18,2024,9,2,Miércoles,False,,44
2024-09-19,2024,9,3,Jueves,False,,47
2024-09-20,2024,9,4,Viernes,False,,47
2024-09-21,2024,9,5,Sábado,False,,45
2024-09-22,2024,9,6,Domingo,False,,27
2024-09-23,2024,9,0,Lunes,False,,41
2024-09-24,2024,9,1,Martes,False,,40
2024-09-25,2024,9,2,Miércoles,False,,37
2024-09-26,2024,9,3,Jueves,False,,33
2024-09-27,2024,9,4,Viernes,False,,41
2024-09-28,2024,9,5,Sábado,False,,31
2024-09-29,2024,9,6,Domingo,False,,20
2024-09-30,2024,9,0,Lunes,False,,39
2024-10-01,2024,10,1,Martes,False,,34
2024-10-02,2024,10,2,Miércoles,False,,39
2024-10-03,2024,10,3,Jueves,False,,50
2024-10-04,2024,10,4,Viernes,False,,37
2024-10-05,2024,10,5,Sábado,False,,39
2024-10-06,2024,10,6,Domingo,False,,29
2024-10-07,2024,10,0,Lunes,False,,39
2024-10-08,2024,10,1,Martes,False,,31
2024-10-09,2024,10,2,Miércoles,False,,33
2024-10-10,2024,10,3,Jueves,False,,38
2024-10-11,2024,10,4,Viernes,False,,44
2024-10-12,2024,10,5,Sábado,False,,24
2024-10-13,2024,10,6,Domingo,False,,28
2024-10-14,2024,10,0,Lunes,True,Día de la Raza (observado),20
2024-10-15,2024,10,1,Martes,False,,51
2024-10-16,2024,10,2,Miércoles,False,,49
2024-10-17,2024,10,3,Jueves,False,,53
2024-10-18,2024,10,4,Viernes,False,,41
2024-10-19,2024,10,5,Sábado,False,,42
2024-10-20,2024,10,6,Domingo,False,,29
2024-10-21,2024,10,0,Lunes,False,,32
2024-10-22,2024,10,1,Martes,False,,33
2024-10-23,2024,10,2,Miércoles,False,,43
2024-10-24,2024,10,3,Jueves,False,,40
2024-10-25,2024,10,4,Viernes,False,,41
2024-10-26,2024,10,5,Sábado,False,,47
2024-10-27,2024,10,6,Domingo,False,,23
2024-10-28,2024,10,0,Lunes,False,,45
2024-10-29,2024,10,1,Martes,False,,34
2024-10-30,2024,10,2,Miércoles,False,,35
2024-10-31,2024,10,3,Jueves,False,,39
2024-11-01,2024,11,4,Viernes,False,,52
2024-11-02,2024,11,5,Sábado,False,,32
2024-11-03,2024,11,6,Domingo,False,,20
2024-11-04,2024,11,0,Lunes,True,Día de Todos los Santos (observado),28
2024-11-05,2024,11,1,Martes,False,,31
2024-11-06,2024,11,2,Miércoles,False,,42
2024-11-07,2024,11,3,Jueves,False,,39
2024-11-08,2024,11,4,Viernes,False,,34
2024-11-09,2024,11,5,Sábado,False,,36
2024-11-10,2024,11,6,Domingo,False,,28
2024-11-11,2024,11,0,Lunes,True,Independencia de Cartagena,25
2024-11-12,2024,11,1,Martes,False,,40
2024-11-13,2024,11,2,Miércoles,False,,32
2024-11-14,2024,11,3,Jueves,False,,28
2024-11-15,2024,11,4,Viernes,False,,26
2024-11-16,2024,11,5,Sábado,False,,38
2024-11-17,2024,11,6,Domingo,False,,20
2024-11-18,2024,11,0,Lunes,False,,39
2024-11-19,2024,11,1,Martes,False,,48
2024-11-20,2024,11,2,Miércoles,False,,35
2024-11-21,2024,11,3,Jueves,False,,45
2024-11-22,2024,11,4,Viernes,False,,44
2024-11-23,2024,11,5,Sábado,False,,26
2024-11-24,2024,11,6,Domingo,False,,27
2024-11-25,2024,11,0,Lunes,False,,41
2024-11-26,2024,11,1,Martes,False,,44
2024-11-27,2024,11,2,Miércoles,False,,34
2024-11-28,2024,11,3,Jueves,False,,31
2024-11-29,2024,11,4,Viernes,False,,39
2024-11-30,2024,11,5,Sábado,False,,34
2024-12-01,2024,12,6,Domingo,False,,38
2024-12-02,2024,12,0,Lunes,False,,30
2024-12-03,2024,12,1,Martes,False,,43
2024-12-04,2024,12,2,Miércoles,False,,40
2024-12-05,2024,12,3,Jueves,False,,50
2024-12-06,2024,12,4,Viernes,False,,44
2024-12-07,2024,12,5,Sábado,False,,55
2024-12-08,2024,12,6,Domingo,True,La Inmaculada Concepción,21
2024-12-09,2024,12,0,Lunes,False,,31
2024-12-10,2024,12,1,Martes,False,,39
2024-12-11,2024,12,2,Miércoles,False,,47
2024-12-12,2024,12,3,Jueves,False,,47
2024-12-13,2024,12,4,Viernes,False,,38
2024-12-14,2024,12,5,Sábado,False,,44
2024-12-15,2024,12,6,Domingo,False,,26
2024-12-16,2024,12,0,Lunes,False,,29
2024-12-17,2024,12,1,Martes,False,,40
2024-12-18,2024,12,2,Miércoles,False,,42
2024-12-19,2024,12,3,Jueves,False,,36
2024-12-20,2024,12,4,Viernes,False,,42
2024-12-21,2024,12,5,Sábado,False,,38
2024-12-22,2024,12,6,Domingo,False,,29
2024-12-23,2024,12,0,Lunes,False,,31
2024-12-24,2024,12,1,Martes,False,,23
2024-12-25,2024,12,2,Miércoles,True,Navidad,22
2024-12-26,2024,12,3,Jueves,False,,25
2024-12-27,2024,12,4,Viernes,False,,35
2024-12-28,2024,12,5,Sábado,False,,25
2024-12-29,2024,12,6,Domingo,False,,25
2024-12-30,2024,12,0,Lunes,False,,19
2024-12-31,2024,12,1,Martes,False,,35
